2026-07-15 14:32:08,553 [WARNING] bless library failed to load (tp_basicsize for type '_bleak_winrt_Windows_Foundation.EventRegistrationToken' (24) is too small for base '_winrt.Object' (32)). BLE server will run in MOCK mode.
2026-07-15 14:32:08,554 [INFO] Initializing Arc Ecosystem Daemon...
2026-07-15 14:32:08,570 [INFO] SQLite database initialized successfully.
2026-07-15 14:32:08,647 [INFO] Starting Wi-Fi TCP server thread...
2026-07-15 14:32:08,647 [INFO] Arc WiFi server listening on 0.0.0.0:59152
2026-07-15 14:32:08,712 [INFO] server listening on 127.0.0.1:59153
2026-07-15 14:32:08,712 [INFO] WebSocket IPC server running on ws://127.0.0.1:59153
2026-07-15 14:32:08,712 [INFO] BLE not available. Mock BLE server started successfully.
2026-07-15 14:32:08,712 [INFO] Clipboard monitoring started.
2026-07-15 14:32:08,712 [INFO] Arc Daemon fully started. Press Ctrl+C to terminate.
2026-07-15 14:32:16,634 [INFO] connection open
2026-07-15 14:32:16,635 [INFO] UI Client connected. Total: 1
2026-07-15 14:32:20,431 [ERROR] Cannot open file dialog: No phone IP coordinates paired yet.
2026-07-15 14:32:29,801 [INFO] Accepted connection from ('192.168.1.42', 59176)
2026-07-15 14:32:29,802 [INFO] Auto-paired phone IP coordinates: 192.168.1.42
2026-07-15 14:32:29,803 [INFO] Incoming Wi-Fi pairing request from 192.168.1.42
2026-07-15 14:32:35,200 [INFO] Pairing request approved for 192.168.1.42. Sent auth token.
2026-07-15 14:32:42,096 [INFO] Opening native file dialog in background...
2026-07-15 14:32:57,732 [INFO] User selected native file: C:/Users/fireo/Downloads/Movies/Shutter.Island.2010.1080p.10Bit.BRRip.Hindi.English.MoviesHeist.Com.mkv
2026-07-15 14:32:57,757 [INFO] Calculating file checksum...
2026-07-15 14:33:03,795 [INFO] Generated new session UUID: 9d948bc8-4a85-422f-904c-d975f7552711
2026-07-15 14:33:03,995 [INFO] Connected to server 192.168.1.42:59152
2026-07-15 14:33:04,063 [INFO] Server returned resume offset: 0 bytes
2026-07-15 14:33:04,065 [INFO] Sent chunk 0. Total sent: 1048576/3022387508 bytes
2026-07-15 14:33:04,141 [INFO] Sent chunk 1. Total sent: 2097152/3022387508 bytes
2026-07-15 14:33:04,146 [INFO] Sent chunk 2. Total sent: 3145728/3022387508 bytes
2026-07-15 14:33:04,198 [INFO] Sent chunk 3. Total sent: 4194304/3022387508 bytes
2026-07-15 14:33:04,222 [INFO] Sent chunk 4. Total sent: 5242880/3022387508 bytes
2026-07-15 14:33:04,270 [INFO] Sent chunk 5. Total sent: 6291456/3022387508 bytes
2026-07-15 14:33:04,305 [INFO] Sent chunk 6. Total sent: 7340032/3022387508 bytes
2026-07-15 14:33:04,349 [INFO] Sent chunk 7. Total sent: 8388608/3022387508 bytes
2026-07-15 14:33:04,380 [INFO] Sent chunk 8. Total sent: 9437184/3022387508 bytes
2026-07-15 14:33:04,383 [INFO] Sent chunk 9. Total sent: 10485760/3022387508 bytes
2026-07-15 14:33:04,422 [INFO] Sent chunk 10. Total sent: 11534336/3022387508 bytes
2026-07-15 14:33:04,474 [INFO] Sent chunk 11. Total sent: 12582912/3022387508 bytes
2026-07-15 14:33:04,518 [INFO] Sent chunk 12. Total sent: 13631488/3022387508 bytes
2026-07-15 14:33:04,547 [INFO] Sent chunk 13. Total sent: 14680064/3022387508 bytes
2026-07-15 14:33:04,556 [INFO] Sent chunk 14. Total sent: 15728640/3022387508 bytes
2026-07-15 14:33:04,614 [INFO] Sent chunk 15. Total sent: 16777216/3022387508 bytes
2026-07-15 14:33:04,644 [INFO] Sent chunk 16. Total sent: 17825792/3022387508 bytes
2026-07-15 14:33:04,679 [INFO] Sent chunk 17. Total sent: 18874368/3022387508 bytes
2026-07-15 14:33:04,699 [INFO] Sent chunk 18. Total sent: 19922944/3022387508 bytes
2026-07-15 14:33:04,761 [INFO] Sent chunk 19. Total sent: 20971520/3022387508 bytes
2026-07-15 14:33:04,786 [INFO] Sent chunk 20. Total sent: 22020096/3022387508 bytes
2026-07-15 14:33:04,810 [INFO] Sent chunk 21. Total sent: 23068672/3022387508 bytes
2026-07-15 14:33:04,848 [INFO] Sent chunk 22. Total sent: 24117248/3022387508 bytes
2026-07-15 14:33:04,872 [INFO] Sent chunk 23. Total sent: 25165824/3022387508 bytes
2026-07-15 14:33:04,918 [INFO] Sent chunk 24. Total sent: 26214400/3022387508 bytes
2026-07-15 14:33:04,951 [INFO] Sent chunk 25. Total sent: 27262976/3022387508 bytes
2026-07-15 14:33:04,983 [INFO] Sent chunk 26. Total sent: 28311552/3022387508 bytes
2026-07-15 14:33:05,043 [INFO] Sent chunk 27. Total sent: 29360128/3022387508 bytes
2026-07-15 14:33:05,071 [INFO] Sent chunk 28. Total sent: 30408704/3022387508 bytes
2026-07-15 14:33:05,125 [INFO] Sent chunk 29. Total sent: 31457280/3022387508 bytes
2026-07-15 14:33:05,160 [INFO] Sent chunk 30. Total sent: 32505856/3022387508 bytes
2026-07-15 14:33:05,181 [INFO] Sent chunk 31. Total sent: 33554432/3022387508 bytes
2026-07-15 14:33:05,216 [INFO] Sent chunk 32. Total sent: 34603008/3022387508 bytes
2026-07-15 14:33:05,257 [INFO] Sent chunk 33. Total sent: 35651584/3022387508 bytes
2026-07-15 14:33:05,309 [INFO] Sent chunk 34. Total sent: 36700160/3022387508 bytes
2026-07-15 14:33:05,347 [INFO] Sent chunk 35. Total sent: 37748736/3022387508 bytes
2026-07-15 14:33:05,382 [INFO] Sent chunk 36. Total sent: 38797312/3022387508 bytes
2026-07-15 14:33:05,401 [INFO] Sent chunk 37. Total sent: 39845888/3022387508 bytes
2026-07-15 14:33:05,425 [INFO] Sent chunk 38. Total sent: 40894464/3022387508 bytes
2026-07-15 14:33:05,473 [INFO] Sent chunk 39. Total sent: 41943040/3022387508 bytes
2026-07-15 14:33:05,492 [INFO] Sent chunk 40. Total sent: 42991616/3022387508 bytes
2026-07-15 14:33:05,531 [INFO] Sent chunk 41. Total sent: 44040192/3022387508 bytes
2026-07-15 14:33:05,572 [INFO] Sent chunk 42. Total sent: 45088768/3022387508 bytes
2026-07-15 14:33:05,608 [INFO] Sent chunk 43. Total sent: 46137344/3022387508 bytes
2026-07-15 14:33:05,632 [INFO] Sent chunk 44. Total sent: 47185920/3022387508 bytes
2026-07-15 14:33:05,669 [INFO] Sent chunk 45. Total sent: 48234496/3022387508 bytes
2026-07-15 14:33:05,715 [INFO] Sent chunk 46. Total sent: 49283072/3022387508 bytes
2026-07-15 14:33:05,754 [INFO] Sent chunk 47. Total sent: 50331648/3022387508 bytes
2026-07-15 14:33:05,795 [INFO] Sent chunk 48. Total sent: 51380224/3022387508 bytes
2026-07-15 14:33:05,854 [INFO] Sent chunk 49. Total sent: 52428800/3022387508 bytes
2026-07-15 14:33:05,876 [INFO] Sent chunk 50. Total sent: 53477376/3022387508 bytes
2026-07-15 14:33:05,914 [INFO] Sent chunk 51. Total sent: 54525952/3022387508 bytes
2026-07-15 14:33:05,959 [INFO] Sent chunk 52. Total sent: 55574528/3022387508 bytes
2026-07-15 14:33:05,992 [INFO] Sent chunk 53. Total sent: 56623104/3022387508 bytes
2026-07-15 14:33:06,026 [INFO] Sent chunk 54. Total sent: 57671680/3022387508 bytes
2026-07-15 14:33:06,075 [INFO] Sent chunk 55. Total sent: 58720256/3022387508 bytes
2026-07-15 14:33:06,108 [INFO] Sent chunk 56. Total sent: 59768832/3022387508 bytes
2026-07-15 14:33:06,144 [INFO] Sent chunk 57. Total sent: 60817408/3022387508 bytes
2026-07-15 14:33:06,182 [INFO] Sent chunk 58. Total sent: 61865984/3022387508 bytes
2026-07-15 14:33:06,237 [INFO] Sent chunk 59. Total sent: 62914560/3022387508 bytes
2026-07-15 14:33:06,277 [INFO] Sent chunk 60. Total sent: 63963136/3022387508 bytes
2026-07-15 14:33:06,281 [INFO] Sent chunk 61. Total sent: 65011712/3022387508 bytes
2026-07-15 14:33:06,349 [INFO] Sent chunk 62. Total sent: 66060288/3022387508 bytes
2026-07-15 14:33:06,399 [INFO] Sent chunk 63. Total sent: 67108864/3022387508 bytes
2026-07-15 14:33:06,432 [INFO] Sent chunk 64. Total sent: 68157440/3022387508 bytes
2026-07-15 14:33:06,472 [INFO] Sent chunk 65. Total sent: 69206016/3022387508 bytes
2026-07-15 14:33:06,508 [INFO] Sent chunk 66. Total sent: 70254592/3022387508 bytes
2026-07-15 14:33:06,515 [INFO] Sent chunk 67. Total sent: 71303168/3022387508 bytes
2026-07-15 14:33:06,572 [INFO] Sent chunk 68. Total sent: 72351744/3022387508 bytes
2026-07-15 14:33:06,611 [INFO] Sent chunk 69. Total sent: 73400320/3022387508 bytes
2026-07-15 14:33:06,666 [INFO] Sent chunk 70. Total sent: 74448896/3022387508 bytes
2026-07-15 14:33:06,728 [INFO] Sent chunk 71. Total sent: 75497472/3022387508 bytes
2026-07-15 14:33:06,774 [INFO] Sent chunk 72. Total sent: 76546048/3022387508 bytes
2026-07-15 14:33:06,809 [INFO] Sent chunk 73. Total sent: 77594624/3022387508 bytes
2026-07-15 14:33:06,870 [INFO] Sent chunk 74. Total sent: 78643200/3022387508 bytes
2026-07-15 14:33:06,901 [INFO] Sent chunk 75. Total sent: 79691776/3022387508 bytes
2026-07-15 14:33:06,946 [INFO] Sent chunk 76. Total sent: 80740352/3022387508 bytes
2026-07-15 14:33:06,981 [INFO] Sent chunk 77. Total sent: 81788928/3022387508 bytes
2026-07-15 14:33:07,023 [INFO] Sent chunk 78. Total sent: 82837504/3022387508 bytes
2026-07-15 14:33:07,056 [INFO] Sent chunk 79. Total sent: 83886080/3022387508 bytes
2026-07-15 14:33:07,080 [INFO] Sent chunk 80. Total sent: 84934656/3022387508 bytes
2026-07-15 14:33:07,105 [INFO] Sent chunk 81. Total sent: 85983232/3022387508 bytes
2026-07-15 14:33:07,158 [INFO] Sent chunk 82. Total sent: 87031808/3022387508 bytes
2026-07-15 14:33:07,177 [INFO] Sent chunk 83. Total sent: 88080384/3022387508 bytes
2026-07-15 14:33:07,211 [INFO] Sent chunk 84. Total sent: 89128960/3022387508 bytes
2026-07-15 14:33:07,242 [INFO] Sent chunk 85. Total sent: 90177536/3022387508 bytes
2026-07-15 14:33:07,272 [INFO] Sent chunk 86. Total sent: 91226112/3022387508 bytes
2026-07-15 14:33:07,309 [INFO] Sent chunk 87. Total sent: 92274688/3022387508 bytes
2026-07-15 14:33:07,338 [INFO] Sent chunk 88. Total sent: 93323264/3022387508 bytes
2026-07-15 14:33:07,367 [INFO] Sent chunk 89. Total sent: 94371840/3022387508 bytes
2026-07-15 14:33:07,404 [INFO] Sent chunk 90. Total sent: 95420416/3022387508 bytes
2026-07-15 14:33:07,452 [INFO] Sent chunk 91. Total sent: 96468992/3022387508 bytes
2026-07-15 14:33:07,487 [INFO] Sent chunk 92. Total sent: 97517568/3022387508 bytes
2026-07-15 14:33:07,519 [INFO] Sent chunk 93. Total sent: 98566144/3022387508 bytes
2026-07-15 14:33:07,562 [INFO] Sent chunk 94. Total sent: 99614720/3022387508 bytes
2026-07-15 14:33:07,594 [INFO] Sent chunk 95. Total sent: 100663296/3022387508 bytes
2026-07-15 14:33:07,600 [INFO] Sent chunk 96. Total sent: 101711872/3022387508 bytes
2026-07-15 14:33:07,644 [INFO] Sent chunk 97. Total sent: 102760448/3022387508 bytes
2026-07-15 14:33:07,681 [INFO] Sent chunk 98. Total sent: 103809024/3022387508 bytes
2026-07-15 14:33:07,746 [INFO] Sent chunk 99. Total sent: 104857600/3022387508 bytes
2026-07-15 14:33:07,760 [INFO] Sent chunk 100. Total sent: 105906176/3022387508 bytes
2026-07-15 14:33:07,812 [INFO] Sent chunk 101. Total sent: 106954752/3022387508 bytes
2026-07-15 14:33:07,838 [INFO] Sent chunk 102. Total sent: 108003328/3022387508 bytes
2026-07-15 14:33:07,889 [INFO] Sent chunk 103. Total sent: 109051904/3022387508 bytes
2026-07-15 14:33:07,927 [INFO] Sent chunk 104. Total sent: 110100480/3022387508 bytes
2026-07-15 14:33:07,947 [INFO] Sent chunk 105. Total sent: 111149056/3022387508 bytes
2026-07-15 14:33:08,008 [INFO] Sent chunk 106. Total sent: 112197632/3022387508 bytes
2026-07-15 14:33:08,045 [INFO] Sent chunk 107. Total sent: 113246208/3022387508 bytes
2026-07-15 14:33:08,076 [INFO] Sent chunk 108. Total sent: 114294784/3022387508 bytes
2026-07-15 14:33:08,114 [INFO] Sent chunk 109. Total sent: 115343360/3022387508 bytes
2026-07-15 14:33:08,145 [INFO] Sent chunk 110. Total sent: 116391936/3022387508 bytes
2026-07-15 14:33:08,193 [INFO] Sent chunk 111. Total sent: 117440512/3022387508 bytes
2026-07-15 14:33:08,228 [INFO] Sent chunk 112. Total sent: 118489088/3022387508 bytes
2026-07-15 14:33:08,259 [INFO] Sent chunk 113. Total sent: 119537664/3022387508 bytes
2026-07-15 14:33:08,314 [INFO] Sent chunk 114. Total sent: 120586240/3022387508 bytes
2026-07-15 14:33:08,347 [INFO] Sent chunk 115. Total sent: 121634816/3022387508 bytes
2026-07-15 14:33:08,398 [INFO] Sent chunk 116. Total sent: 122683392/3022387508 bytes
2026-07-15 14:33:08,439 [INFO] Sent chunk 117. Total sent: 123731968/3022387508 bytes
2026-07-15 14:33:08,484 [INFO] Sent chunk 118. Total sent: 124780544/3022387508 bytes
2026-07-15 14:33:08,524 [INFO] Sent chunk 119. Total sent: 125829120/3022387508 bytes
2026-07-15 14:33:08,575 [INFO] Sent chunk 120. Total sent: 126877696/3022387508 bytes
2026-07-15 14:33:08,626 [INFO] Sent chunk 121. Total sent: 127926272/3022387508 bytes
2026-07-15 14:33:08,665 [INFO] Sent chunk 122. Total sent: 128974848/3022387508 bytes
2026-07-15 14:33:08,690 [INFO] Sent chunk 123. Total sent: 130023424/3022387508 bytes
2026-07-15 14:33:08,740 [INFO] Sent chunk 124. Total sent: 131072000/3022387508 bytes
2026-07-15 14:33:08,798 [INFO] Sent chunk 125. Total sent: 132120576/3022387508 bytes
2026-07-15 14:33:08,839 [INFO] Sent chunk 126. Total sent: 133169152/3022387508 bytes
2026-07-15 14:33:08,875 [INFO] Sent chunk 127. Total sent: 134217728/3022387508 bytes
2026-07-15 14:33:08,905 [INFO] Sent chunk 128. Total sent: 135266304/3022387508 bytes
2026-07-15 14:33:08,930 [INFO] Sent chunk 129. Total sent: 136314880/3022387508 bytes
2026-07-15 14:33:08,988 [INFO] Sent chunk 130. Total sent: 137363456/3022387508 bytes
2026-07-15 14:33:09,004 [INFO] Sent chunk 131. Total sent: 138412032/3022387508 bytes
2026-07-15 14:33:09,061 [INFO] Sent chunk 132. Total sent: 139460608/3022387508 bytes
2026-07-15 14:33:09,085 [INFO] Sent chunk 133. Total sent: 140509184/3022387508 bytes
2026-07-15 14:33:09,138 [INFO] Sent chunk 134. Total sent: 141557760/3022387508 bytes
2026-07-15 14:33:09,165 [INFO] Sent chunk 135. Total sent: 142606336/3022387508 bytes
2026-07-15 14:33:09,218 [INFO] Sent chunk 136. Total sent: 143654912/3022387508 bytes
2026-07-15 14:33:09,266 [INFO] Sent chunk 137. Total sent: 144703488/3022387508 bytes
2026-07-15 14:33:09,287 [INFO] Sent chunk 138. Total sent: 145752064/3022387508 bytes
2026-07-15 14:33:09,326 [INFO] Sent chunk 139. Total sent: 146800640/3022387508 bytes
2026-07-15 14:33:09,354 [INFO] Sent chunk 140. Total sent: 147849216/3022387508 bytes
2026-07-15 14:33:09,389 [INFO] Sent chunk 141. Total sent: 148897792/3022387508 bytes
2026-07-15 14:33:09,413 [INFO] Sent chunk 142. Total sent: 149946368/3022387508 bytes
2026-07-15 14:33:09,450 [INFO] Sent chunk 143. Total sent: 150994944/3022387508 bytes
2026-07-15 14:33:09,490 [INFO] Sent chunk 144. Total sent: 152043520/3022387508 bytes
2026-07-15 14:33:09,539 [INFO] Sent chunk 145. Total sent: 153092096/3022387508 bytes
2026-07-15 14:33:09,581 [INFO] Sent chunk 146. Total sent: 154140672/3022387508 bytes
2026-07-15 14:33:09,619 [INFO] Sent chunk 147. Total sent: 155189248/3022387508 bytes
2026-07-15 14:33:09,672 [INFO] Sent chunk 148. Total sent: 156237824/3022387508 bytes
2026-07-15 14:33:09,676 [INFO] Sent chunk 149. Total sent: 157286400/3022387508 bytes
2026-07-15 14:33:09,725 [INFO] Sent chunk 150. Total sent: 158334976/3022387508 bytes
2026-07-15 14:33:09,776 [INFO] Sent chunk 151. Total sent: 159383552/3022387508 bytes
2026-07-15 14:33:09,815 [INFO] Sent chunk 152. Total sent: 160432128/3022387508 bytes
2026-07-15 14:33:09,854 [INFO] Sent chunk 153. Total sent: 161480704/3022387508 bytes
2026-07-15 14:33:09,882 [INFO] Sent chunk 154. Total sent: 162529280/3022387508 bytes
2026-07-15 14:33:09,927 [INFO] Sent chunk 155. Total sent: 163577856/3022387508 bytes
2026-07-15 14:33:09,984 [INFO] Sent chunk 156. Total sent: 164626432/3022387508 bytes
2026-07-15 14:33:10,014 [INFO] Sent chunk 157. Total sent: 165675008/3022387508 bytes
2026-07-15 14:33:10,069 [INFO] Sent chunk 158. Total sent: 166723584/3022387508 bytes
2026-07-15 14:33:10,091 [INFO] Sent chunk 159. Total sent: 167772160/3022387508 bytes
2026-07-15 14:33:10,136 [INFO] Sent chunk 160. Total sent: 168820736/3022387508 bytes
2026-07-15 14:33:10,176 [INFO] Sent chunk 161. Total sent: 169869312/3022387508 bytes
2026-07-15 14:33:10,233 [INFO] Sent chunk 162. Total sent: 170917888/3022387508 bytes
2026-07-15 14:33:10,295 [INFO] Sent chunk 163. Total sent: 171966464/3022387508 bytes
2026-07-15 14:33:10,312 [INFO] Sent chunk 164. Total sent: 173015040/3022387508 bytes
2026-07-15 14:33:10,400 [INFO] Sent chunk 165. Total sent: 174063616/3022387508 bytes
2026-07-15 14:33:10,445 [INFO] Sent chunk 166. Total sent: 175112192/3022387508 bytes
2026-07-15 14:33:10,482 [INFO] Sent chunk 167. Total sent: 176160768/3022387508 bytes
2026-07-15 14:33:10,576 [INFO] Sent chunk 168. Total sent: 177209344/3022387508 bytes
2026-07-15 14:33:10,626 [INFO] Sent chunk 169. Total sent: 178257920/3022387508 bytes
2026-07-15 14:33:10,672 [INFO] Sent chunk 170. Total sent: 179306496/3022387508 bytes
2026-07-15 14:33:10,723 [INFO] Sent chunk 171. Total sent: 180355072/3022387508 bytes
2026-07-15 14:33:10,758 [INFO] Sent chunk 172. Total sent: 181403648/3022387508 bytes
2026-07-15 14:33:10,836 [INFO] Sent chunk 173. Total sent: 182452224/3022387508 bytes
2026-07-15 14:33:10,881 [INFO] Sent chunk 174. Total sent: 183500800/3022387508 bytes
2026-07-15 14:33:10,929 [INFO] Sent chunk 175. Total sent: 184549376/3022387508 bytes
2026-07-15 14:33:11,003 [INFO] Sent chunk 176. Total sent: 185597952/3022387508 bytes
2026-07-15 14:33:11,042 [INFO] Sent chunk 177. Total sent: 186646528/3022387508 bytes
2026-07-15 14:33:11,102 [INFO] Sent chunk 178. Total sent: 187695104/3022387508 bytes
2026-07-15 14:33:11,149 [INFO] Sent chunk 179. Total sent: 188743680/3022387508 bytes
2026-07-15 14:33:11,193 [INFO] Sent chunk 180. Total sent: 189792256/3022387508 bytes
2026-07-15 14:33:11,276 [INFO] Sent chunk 181. Total sent: 190840832/3022387508 bytes
2026-07-15 14:33:11,328 [INFO] Sent chunk 182. Total sent: 191889408/3022387508 bytes
2026-07-15 14:33:11,371 [INFO] Sent chunk 183. Total sent: 192937984/3022387508 bytes
2026-07-15 14:33:11,451 [INFO] Sent chunk 184. Total sent: 193986560/3022387508 bytes
2026-07-15 14:33:11,524 [INFO] Sent chunk 185. Total sent: 195035136/3022387508 bytes
2026-07-15 14:33:11,556 [INFO] Sent chunk 186. Total sent: 196083712/3022387508 bytes
2026-07-15 14:33:11,611 [INFO] Sent chunk 187. Total sent: 197132288/3022387508 bytes
2026-07-15 14:33:11,662 [INFO] Sent chunk 188. Total sent: 198180864/3022387508 bytes
2026-07-15 14:33:11,694 [INFO] Sent chunk 189. Total sent: 199229440/3022387508 bytes
2026-07-15 14:33:11,740 [INFO] Sent chunk 190. Total sent: 200278016/3022387508 bytes
2026-07-15 14:33:11,792 [INFO] Sent chunk 191. Total sent: 201326592/3022387508 bytes
2026-07-15 14:33:11,830 [INFO] Sent chunk 192. Total sent: 202375168/3022387508 bytes
2026-07-15 14:33:11,896 [INFO] Sent chunk 193. Total sent: 203423744/3022387508 bytes
2026-07-15 14:33:11,902 [INFO] Sent chunk 194. Total sent: 204472320/3022387508 bytes
2026-07-15 14:33:11,972 [INFO] Sent chunk 195. Total sent: 205520896/3022387508 bytes
2026-07-15 14:33:12,023 [INFO] Sent chunk 196. Total sent: 206569472/3022387508 bytes
2026-07-15 14:33:12,070 [INFO] Sent chunk 197. Total sent: 207618048/3022387508 bytes
2026-07-15 14:33:12,096 [INFO] Sent chunk 198. Total sent: 208666624/3022387508 bytes
2026-07-15 14:33:12,152 [INFO] Sent chunk 199. Total sent: 209715200/3022387508 bytes
2026-07-15 14:33:12,194 [INFO] Sent chunk 200. Total sent: 210763776/3022387508 bytes
2026-07-15 14:33:12,248 [INFO] Sent chunk 201. Total sent: 211812352/3022387508 bytes
2026-07-15 14:33:12,273 [INFO] Sent chunk 202. Total sent: 212860928/3022387508 bytes
2026-07-15 14:33:12,312 [INFO] Sent chunk 203. Total sent: 213909504/3022387508 bytes
2026-07-15 14:33:12,378 [INFO] Sent chunk 204. Total sent: 214958080/3022387508 bytes
2026-07-15 14:33:12,422 [INFO] Sent chunk 205. Total sent: 216006656/3022387508 bytes
2026-07-15 14:33:12,490 [INFO] Sent chunk 206. Total sent: 217055232/3022387508 bytes
2026-07-15 14:33:12,494 [INFO] Sent chunk 207. Total sent: 218103808/3022387508 bytes
2026-07-15 14:33:12,570 [INFO] Sent chunk 208. Total sent: 219152384/3022387508 bytes
2026-07-15 14:33:12,654 [INFO] Sent chunk 209. Total sent: 220200960/3022387508 bytes
2026-07-15 14:33:12,707 [INFO] Sent chunk 210. Total sent: 221249536/3022387508 bytes
2026-07-15 14:33:12,745 [INFO] Sent chunk 211. Total sent: 222298112/3022387508 bytes
2026-07-15 14:33:12,799 [INFO] Sent chunk 212. Total sent: 223346688/3022387508 bytes
2026-07-15 14:33:12,818 [INFO] Sent chunk 213. Total sent: 224395264/3022387508 bytes
2026-07-15 14:33:12,906 [INFO] Sent chunk 214. Total sent: 225443840/3022387508 bytes
2026-07-15 14:33:12,945 [INFO] Sent chunk 215. Total sent: 226492416/3022387508 bytes
2026-07-15 14:33:12,949 [INFO] Sent chunk 216. Total sent: 227540992/3022387508 bytes
2026-07-15 14:33:13,031 [INFO] Sent chunk 217. Total sent: 228589568/3022387508 bytes
2026-07-15 14:33:13,093 [INFO] Sent chunk 218. Total sent: 229638144/3022387508 bytes
2026-07-15 14:33:13,162 [INFO] Sent chunk 219. Total sent: 230686720/3022387508 bytes
2026-07-15 14:33:13,172 [INFO] Sent chunk 220. Total sent: 231735296/3022387508 bytes
2026-07-15 14:33:13,249 [INFO] Sent chunk 221. Total sent: 232783872/3022387508 bytes
2026-07-15 14:33:13,305 [INFO] Sent chunk 222. Total sent: 233832448/3022387508 bytes
2026-07-15 14:33:13,355 [INFO] Sent chunk 223. Total sent: 234881024/3022387508 bytes
2026-07-15 14:33:13,401 [INFO] Sent chunk 224. Total sent: 235929600/3022387508 bytes
2026-07-15 14:33:13,450 [INFO] Sent chunk 225. Total sent: 236978176/3022387508 bytes
2026-07-15 14:33:13,494 [INFO] Sent chunk 226. Total sent: 238026752/3022387508 bytes
2026-07-15 14:33:13,548 [INFO] Sent chunk 227. Total sent: 239075328/3022387508 bytes
2026-07-15 14:33:13,578 [INFO] Sent chunk 228. Total sent: 240123904/3022387508 bytes
2026-07-15 14:33:13,638 [INFO] Sent chunk 229. Total sent: 241172480/3022387508 bytes
2026-07-15 14:33:13,662 [INFO] Sent chunk 230. Total sent: 242221056/3022387508 bytes
2026-07-15 14:33:13,719 [INFO] Sent chunk 231. Total sent: 243269632/3022387508 bytes
2026-07-15 14:33:13,786 [INFO] Sent chunk 232. Total sent: 244318208/3022387508 bytes
2026-07-15 14:33:13,817 [INFO] Sent chunk 233. Total sent: 245366784/3022387508 bytes
2026-07-15 14:33:13,855 [INFO] Sent chunk 234. Total sent: 246415360/3022387508 bytes
2026-07-15 14:33:13,902 [INFO] Sent chunk 235. Total sent: 247463936/3022387508 bytes
2026-07-15 14:33:13,946 [INFO] Sent chunk 236. Total sent: 248512512/3022387508 bytes
2026-07-15 14:33:13,959 [INFO] Sent chunk 237. Total sent: 249561088/3022387508 bytes
2026-07-15 14:33:14,030 [INFO] Sent chunk 238. Total sent: 250609664/3022387508 bytes
2026-07-15 14:33:14,060 [INFO] Sent chunk 239. Total sent: 251658240/3022387508 bytes
2026-07-15 14:33:14,119 [INFO] Sent chunk 240. Total sent: 252706816/3022387508 bytes
2026-07-15 14:33:14,188 [INFO] Sent chunk 241. Total sent: 253755392/3022387508 bytes
2026-07-15 14:33:14,208 [INFO] Sent chunk 242. Total sent: 254803968/3022387508 bytes
2026-07-15 14:33:14,282 [INFO] Sent chunk 243. Total sent: 255852544/3022387508 bytes
2026-07-15 14:33:14,346 [INFO] Sent chunk 244. Total sent: 256901120/3022387508 bytes
2026-07-15 14:33:14,383 [INFO] Sent chunk 245. Total sent: 257949696/3022387508 bytes
2026-07-15 14:33:14,427 [INFO] Sent chunk 246. Total sent: 258998272/3022387508 bytes
2026-07-15 14:33:14,489 [INFO] Sent chunk 247. Total sent: 260046848/3022387508 bytes
2026-07-15 14:33:14,563 [INFO] Sent chunk 248. Total sent: 261095424/3022387508 bytes
2026-07-15 14:33:14,609 [INFO] Sent chunk 249. Total sent: 262144000/3022387508 bytes
2026-07-15 14:33:14,657 [INFO] Sent chunk 250. Total sent: 263192576/3022387508 bytes
2026-07-15 14:33:14,731 [INFO] Sent chunk 251. Total sent: 264241152/3022387508 bytes
2026-07-15 14:33:14,790 [INFO] Sent chunk 252. Total sent: 265289728/3022387508 bytes
2026-07-15 14:33:14,819 [INFO] Sent chunk 253. Total sent: 266338304/3022387508 bytes
2026-07-15 14:33:14,887 [INFO] Sent chunk 254. Total sent: 267386880/3022387508 bytes
2026-07-15 14:33:14,952 [INFO] Sent chunk 255. Total sent: 268435456/3022387508 bytes
2026-07-15 14:33:15,015 [INFO] Sent chunk 256. Total sent: 269484032/3022387508 bytes
2026-07-15 14:33:15,048 [INFO] Sent chunk 257. Total sent: 270532608/3022387508 bytes
2026-07-15 14:33:15,114 [INFO] Sent chunk 258. Total sent: 271581184/3022387508 bytes
2026-07-15 14:33:15,169 [INFO] Sent chunk 259. Total sent: 272629760/3022387508 bytes
2026-07-15 14:33:15,214 [INFO] Sent chunk 260. Total sent: 273678336/3022387508 bytes
2026-07-15 14:33:15,229 [INFO] Sent chunk 261. Total sent: 274726912/3022387508 bytes
2026-07-15 14:33:15,274 [INFO] Sent chunk 262. Total sent: 275775488/3022387508 bytes
2026-07-15 14:33:15,338 [INFO] Sent chunk 263. Total sent: 276824064/3022387508 bytes
2026-07-15 14:33:15,400 [INFO] Sent chunk 264. Total sent: 277872640/3022387508 bytes
2026-07-15 14:33:15,471 [INFO] Sent chunk 265. Total sent: 278921216/3022387508 bytes
2026-07-15 14:33:15,488 [INFO] Sent chunk 266. Total sent: 279969792/3022387508 bytes
2026-07-15 14:33:15,520 [INFO] Sent chunk 267. Total sent: 281018368/3022387508 bytes
2026-07-15 14:33:15,593 [INFO] Sent chunk 268. Total sent: 282066944/3022387508 bytes
2026-07-15 14:33:15,666 [INFO] Sent chunk 269. Total sent: 283115520/3022387508 bytes
2026-07-15 14:33:15,671 [INFO] Sent chunk 270. Total sent: 284164096/3022387508 bytes
2026-07-15 14:33:15,745 [INFO] Sent chunk 271. Total sent: 285212672/3022387508 bytes
2026-07-15 14:33:15,805 [INFO] Sent chunk 272. Total sent: 286261248/3022387508 bytes
2026-07-15 14:33:15,864 [INFO] Sent chunk 273. Total sent: 287309824/3022387508 bytes
2026-07-15 14:33:15,911 [INFO] Sent chunk 274. Total sent: 288358400/3022387508 bytes
2026-07-15 14:33:15,945 [INFO] Sent chunk 275. Total sent: 289406976/3022387508 bytes
2026-07-15 14:33:15,991 [INFO] Sent chunk 276. Total sent: 290455552/3022387508 bytes
2026-07-15 14:33:16,039 [INFO] Sent chunk 277. Total sent: 291504128/3022387508 bytes
2026-07-15 14:33:16,069 [INFO] Sent chunk 278. Total sent: 292552704/3022387508 bytes
2026-07-15 14:33:16,111 [INFO] Sent chunk 279. Total sent: 293601280/3022387508 bytes
2026-07-15 14:33:16,178 [INFO] Sent chunk 280. Total sent: 294649856/3022387508 bytes
2026-07-15 14:33:16,217 [INFO] Sent chunk 281. Total sent: 295698432/3022387508 bytes
2026-07-15 14:33:16,222 [INFO] Sent chunk 282. Total sent: 296747008/3022387508 bytes
2026-07-15 14:33:16,281 [INFO] Sent chunk 283. Total sent: 297795584/3022387508 bytes
2026-07-15 14:33:16,326 [INFO] Sent chunk 284. Total sent: 298844160/3022387508 bytes
2026-07-15 14:33:16,358 [INFO] Sent chunk 285. Total sent: 299892736/3022387508 bytes
2026-07-15 14:33:16,400 [INFO] Sent chunk 286. Total sent: 300941312/3022387508 bytes
2026-07-15 14:33:16,444 [INFO] Sent chunk 287. Total sent: 301989888/3022387508 bytes
2026-07-15 14:33:16,465 [INFO] Sent chunk 288. Total sent: 303038464/3022387508 bytes
2026-07-15 14:33:16,506 [INFO] Sent chunk 289. Total sent: 304087040/3022387508 bytes
2026-07-15 14:33:16,557 [INFO] Sent chunk 290. Total sent: 305135616/3022387508 bytes
2026-07-15 14:33:16,585 [INFO] Sent chunk 291. Total sent: 306184192/3022387508 bytes
2026-07-15 14:33:16,601 [INFO] Sent chunk 292. Total sent: 307232768/3022387508 bytes
2026-07-15 14:33:16,652 [INFO] Sent chunk 293. Total sent: 308281344/3022387508 bytes
2026-07-15 14:33:16,674 [INFO] Sent chunk 294. Total sent: 309329920/3022387508 bytes
2026-07-15 14:33:16,704 [INFO] Sent chunk 295. Total sent: 310378496/3022387508 bytes
2026-07-15 14:33:16,739 [INFO] Sent chunk 296. Total sent: 311427072/3022387508 bytes
2026-07-15 14:33:16,761 [INFO] Sent chunk 297. Total sent: 312475648/3022387508 bytes
2026-07-15 14:33:16,803 [INFO] Sent chunk 298. Total sent: 313524224/3022387508 bytes
2026-07-15 14:33:16,825 [INFO] Sent chunk 299. Total sent: 314572800/3022387508 bytes
2026-07-15 14:33:16,881 [INFO] Sent chunk 300. Total sent: 315621376/3022387508 bytes
2026-07-15 14:33:16,915 [INFO] Sent chunk 301. Total sent: 316669952/3022387508 bytes
2026-07-15 14:33:16,920 [INFO] Sent chunk 302. Total sent: 317718528/3022387508 bytes
2026-07-15 14:33:16,977 [INFO] Sent chunk 303. Total sent: 318767104/3022387508 bytes
2026-07-15 14:33:17,031 [INFO] Sent chunk 304. Total sent: 319815680/3022387508 bytes
2026-07-15 14:33:17,052 [INFO] Sent chunk 305. Total sent: 320864256/3022387508 bytes
2026-07-15 14:33:17,127 [INFO] Sent chunk 306. Total sent: 321912832/3022387508 bytes
2026-07-15 14:33:17,215 [INFO] Sent chunk 307. Total sent: 322961408/3022387508 bytes
2026-07-15 14:33:17,242 [INFO] Sent chunk 308. Total sent: 324009984/3022387508 bytes
2026-07-15 14:33:17,300 [INFO] Sent chunk 309. Total sent: 325058560/3022387508 bytes
2026-07-15 14:33:17,303 [INFO] Sent chunk 310. Total sent: 326107136/3022387508 bytes
2026-07-15 14:33:17,394 [INFO] Sent chunk 311. Total sent: 327155712/3022387508 bytes
2026-07-15 14:33:17,399 [INFO] Sent chunk 312. Total sent: 328204288/3022387508 bytes
2026-07-15 14:33:17,448 [INFO] Sent chunk 313. Total sent: 329252864/3022387508 bytes
2026-07-15 14:33:17,515 [INFO] Sent chunk 314. Total sent: 330301440/3022387508 bytes
2026-07-15 14:33:17,530 [INFO] Sent chunk 315. Total sent: 331350016/3022387508 bytes
2026-07-15 14:33:17,593 [INFO] Sent chunk 316. Total sent: 332398592/3022387508 bytes
2026-07-15 14:33:17,602 [INFO] Sent chunk 317. Total sent: 333447168/3022387508 bytes
2026-07-15 14:33:17,656 [INFO] Sent chunk 318. Total sent: 334495744/3022387508 bytes
2026-07-15 14:33:17,695 [INFO] Sent chunk 319. Total sent: 335544320/3022387508 bytes
2026-07-15 14:33:17,733 [INFO] Sent chunk 320. Total sent: 336592896/3022387508 bytes
2026-07-15 14:33:17,817 [INFO] Sent chunk 321. Total sent: 337641472/3022387508 bytes
2026-07-15 14:33:17,872 [INFO] Sent chunk 322. Total sent: 338690048/3022387508 bytes
2026-07-15 14:33:17,911 [INFO] Sent chunk 323. Total sent: 339738624/3022387508 bytes
2026-07-15 14:33:17,957 [INFO] Sent chunk 324. Total sent: 340787200/3022387508 bytes
2026-07-15 14:33:17,992 [INFO] Sent chunk 325. Total sent: 341835776/3022387508 bytes
2026-07-15 14:33:18,004 [INFO] Sent chunk 326. Total sent: 342884352/3022387508 bytes
2026-07-15 14:33:18,078 [INFO] Sent chunk 327. Total sent: 343932928/3022387508 bytes
2026-07-15 14:33:18,155 [INFO] Sent chunk 328. Total sent: 344981504/3022387508 bytes
2026-07-15 14:33:18,207 [INFO] Sent chunk 329. Total sent: 346030080/3022387508 bytes
2026-07-15 14:33:18,223 [INFO] Sent chunk 330. Total sent: 347078656/3022387508 bytes
2026-07-15 14:33:18,266 [INFO] Sent chunk 331. Total sent: 348127232/3022387508 bytes
2026-07-15 14:33:18,327 [INFO] Sent chunk 332. Total sent: 349175808/3022387508 bytes
2026-07-15 14:33:18,341 [INFO] Sent chunk 333. Total sent: 350224384/3022387508 bytes
2026-07-15 14:33:18,397 [INFO] Sent chunk 334. Total sent: 351272960/3022387508 bytes
2026-07-15 14:33:18,451 [INFO] Sent chunk 335. Total sent: 352321536/3022387508 bytes
2026-07-15 14:33:18,485 [INFO] Sent chunk 336. Total sent: 353370112/3022387508 bytes
2026-07-15 14:33:18,515 [INFO] Sent chunk 337. Total sent: 354418688/3022387508 bytes
2026-07-15 14:33:18,560 [INFO] Sent chunk 338. Total sent: 355467264/3022387508 bytes
2026-07-15 14:33:18,600 [INFO] Sent chunk 339. Total sent: 356515840/3022387508 bytes
2026-07-15 14:33:18,623 [INFO] Sent chunk 340. Total sent: 357564416/3022387508 bytes
2026-07-15 14:33:18,659 [INFO] Sent chunk 341. Total sent: 358612992/3022387508 bytes
2026-07-15 14:33:18,691 [INFO] Sent chunk 342. Total sent: 359661568/3022387508 bytes
2026-07-15 14:33:18,697 [INFO] Sent chunk 343. Total sent: 360710144/3022387508 bytes
2026-07-15 14:33:18,760 [INFO] Sent chunk 344. Total sent: 361758720/3022387508 bytes
2026-07-15 14:33:18,781 [INFO] Sent chunk 345. Total sent: 362807296/3022387508 bytes
2026-07-15 14:33:18,832 [INFO] Sent chunk 346. Total sent: 363855872/3022387508 bytes
2026-07-15 14:33:18,836 [INFO] Sent chunk 347. Total sent: 364904448/3022387508 bytes
2026-07-15 14:33:18,883 [INFO] Sent chunk 348. Total sent: 365953024/3022387508 bytes
2026-07-15 14:33:18,929 [INFO] Sent chunk 349. Total sent: 367001600/3022387508 bytes
2026-07-15 14:33:18,954 [INFO] Sent chunk 350. Total sent: 368050176/3022387508 bytes
2026-07-15 14:33:18,991 [INFO] Sent chunk 351. Total sent: 369098752/3022387508 bytes
2026-07-15 14:33:19,024 [INFO] Sent chunk 352. Total sent: 370147328/3022387508 bytes
2026-07-15 14:33:19,065 [INFO] Sent chunk 353. Total sent: 371195904/3022387508 bytes
2026-07-15 14:33:19,079 [INFO] Sent chunk 354. Total sent: 372244480/3022387508 bytes
2026-07-15 14:33:19,109 [INFO] Sent chunk 355. Total sent: 373293056/3022387508 bytes
2026-07-15 14:33:19,169 [INFO] Sent chunk 356. Total sent: 374341632/3022387508 bytes
2026-07-15 14:33:19,225 [INFO] Sent chunk 357. Total sent: 375390208/3022387508 bytes
2026-07-15 14:33:19,264 [INFO] Sent chunk 358. Total sent: 376438784/3022387508 bytes
2026-07-15 14:33:19,273 [INFO] Sent chunk 359. Total sent: 377487360/3022387508 bytes
2026-07-15 14:33:19,331 [INFO] Sent chunk 360. Total sent: 378535936/3022387508 bytes
2026-07-15 14:33:19,395 [INFO] Sent chunk 361. Total sent: 379584512/3022387508 bytes
2026-07-15 14:33:19,402 [INFO] Sent chunk 362. Total sent: 380633088/3022387508 bytes
2026-07-15 14:33:19,474 [INFO] Sent chunk 363. Total sent: 381681664/3022387508 bytes
2026-07-15 14:33:19,536 [INFO] Sent chunk 364. Total sent: 382730240/3022387508 bytes
2026-07-15 14:33:19,575 [INFO] Sent chunk 365. Total sent: 383778816/3022387508 bytes
2026-07-15 14:33:19,627 [INFO] Sent chunk 366. Total sent: 384827392/3022387508 bytes
2026-07-15 14:33:19,673 [INFO] Sent chunk 367. Total sent: 385875968/3022387508 bytes
2026-07-15 14:33:19,677 [INFO] Sent chunk 368. Total sent: 386924544/3022387508 bytes
2026-07-15 14:33:19,742 [INFO] Sent chunk 369. Total sent: 387973120/3022387508 bytes
2026-07-15 14:33:19,766 [INFO] Sent chunk 370. Total sent: 389021696/3022387508 bytes
2026-07-15 14:33:19,802 [INFO] Sent chunk 371. Total sent: 390070272/3022387508 bytes
2026-07-15 14:33:19,832 [INFO] Sent chunk 372. Total sent: 391118848/3022387508 bytes
2026-07-15 14:33:19,871 [INFO] Sent chunk 373. Total sent: 392167424/3022387508 bytes
2026-07-15 14:33:19,911 [INFO] Sent chunk 374. Total sent: 393216000/3022387508 bytes
2026-07-15 14:33:19,953 [INFO] Sent chunk 375. Total sent: 394264576/3022387508 bytes
2026-07-15 14:33:19,997 [INFO] Sent chunk 376. Total sent: 395313152/3022387508 bytes
2026-07-15 14:33:20,010 [INFO] Sent chunk 377. Total sent: 396361728/3022387508 bytes
2026-07-15 14:33:20,050 [INFO] Sent chunk 378. Total sent: 397410304/3022387508 bytes
2026-07-15 14:33:20,093 [INFO] Sent chunk 379. Total sent: 398458880/3022387508 bytes
2026-07-15 14:33:20,115 [INFO] Sent chunk 380. Total sent: 399507456/3022387508 bytes
2026-07-15 14:33:20,156 [INFO] Sent chunk 381. Total sent: 400556032/3022387508 bytes
2026-07-15 14:33:20,203 [INFO] Sent chunk 382. Total sent: 401604608/3022387508 bytes
2026-07-15 14:33:20,250 [INFO] Sent chunk 383. Total sent: 402653184/3022387508 bytes
2026-07-15 14:33:20,255 [INFO] Sent chunk 384. Total sent: 403701760/3022387508 bytes
2026-07-15 14:33:20,311 [INFO] Sent chunk 385. Total sent: 404750336/3022387508 bytes
2026-07-15 14:33:20,352 [INFO] Sent chunk 386. Total sent: 405798912/3022387508 bytes
2026-07-15 14:33:20,398 [INFO] Sent chunk 387. Total sent: 406847488/3022387508 bytes
2026-07-15 14:33:20,428 [INFO] Sent chunk 388. Total sent: 407896064/3022387508 bytes
2026-07-15 14:33:20,478 [INFO] Sent chunk 389. Total sent: 408944640/3022387508 bytes
2026-07-15 14:33:20,511 [INFO] Sent chunk 390. Total sent: 409993216/3022387508 bytes
2026-07-15 14:33:20,561 [INFO] Sent chunk 391. Total sent: 411041792/3022387508 bytes
2026-07-15 14:33:20,582 [INFO] Sent chunk 392. Total sent: 412090368/3022387508 bytes
2026-07-15 14:33:20,634 [INFO] Sent chunk 393. Total sent: 413138944/3022387508 bytes
2026-07-15 14:33:20,639 [INFO] Sent chunk 394. Total sent: 414187520/3022387508 bytes
2026-07-15 14:33:20,688 [INFO] Sent chunk 395. Total sent: 415236096/3022387508 bytes
2026-07-15 14:33:20,730 [INFO] Sent chunk 396. Total sent: 416284672/3022387508 bytes
2026-07-15 14:33:20,776 [INFO] Sent chunk 397. Total sent: 417333248/3022387508 bytes
2026-07-15 14:33:20,780 [INFO] Sent chunk 398. Total sent: 418381824/3022387508 bytes
2026-07-15 14:33:20,876 [INFO] Sent chunk 399. Total sent: 419430400/3022387508 bytes
2026-07-15 14:33:20,893 [INFO] Sent chunk 400. Total sent: 420478976/3022387508 bytes
2026-07-15 14:33:20,939 [INFO] Sent chunk 401. Total sent: 421527552/3022387508 bytes
2026-07-15 14:33:20,984 [INFO] Sent chunk 402. Total sent: 422576128/3022387508 bytes
2026-07-15 14:33:21,032 [INFO] Sent chunk 403. Total sent: 423624704/3022387508 bytes
2026-07-15 14:33:21,071 [INFO] Sent chunk 404. Total sent: 424673280/3022387508 bytes
2026-07-15 14:33:21,099 [INFO] Sent chunk 405. Total sent: 425721856/3022387508 bytes
2026-07-15 14:33:21,148 [INFO] Sent chunk 406. Total sent: 426770432/3022387508 bytes
2026-07-15 14:33:21,191 [INFO] Sent chunk 407. Total sent: 427819008/3022387508 bytes
2026-07-15 14:33:21,225 [INFO] Sent chunk 408. Total sent: 428867584/3022387508 bytes
2026-07-15 14:33:21,245 [INFO] Sent chunk 409. Total sent: 429916160/3022387508 bytes
2026-07-15 14:33:21,310 [INFO] Sent chunk 410. Total sent: 430964736/3022387508 bytes
2026-07-15 14:33:21,343 [INFO] Sent chunk 411. Total sent: 432013312/3022387508 bytes
2026-07-15 14:33:21,375 [INFO] Sent chunk 412. Total sent: 433061888/3022387508 bytes
2026-07-15 14:33:21,410 [INFO] Sent chunk 413. Total sent: 434110464/3022387508 bytes
2026-07-15 14:33:21,431 [INFO] Sent chunk 414. Total sent: 435159040/3022387508 bytes
2026-07-15 14:33:21,475 [INFO] Sent chunk 415. Total sent: 436207616/3022387508 bytes
2026-07-15 14:33:21,490 [INFO] Sent chunk 416. Total sent: 437256192/3022387508 bytes
2026-07-15 14:33:21,533 [INFO] Sent chunk 417. Total sent: 438304768/3022387508 bytes
2026-07-15 14:33:21,553 [INFO] Sent chunk 418. Total sent: 439353344/3022387508 bytes
2026-07-15 14:33:21,604 [INFO] Sent chunk 419. Total sent: 440401920/3022387508 bytes
2026-07-15 14:33:21,608 [INFO] Sent chunk 420. Total sent: 441450496/3022387508 bytes
2026-07-15 14:33:21,652 [INFO] Sent chunk 421. Total sent: 442499072/3022387508 bytes
2026-07-15 14:33:21,704 [INFO] Sent chunk 422. Total sent: 443547648/3022387508 bytes
2026-07-15 14:33:21,736 [INFO] Sent chunk 423. Total sent: 444596224/3022387508 bytes
2026-07-15 14:33:21,761 [INFO] Sent chunk 424. Total sent: 445644800/3022387508 bytes
2026-07-15 14:33:21,790 [INFO] Sent chunk 425. Total sent: 446693376/3022387508 bytes
2026-07-15 14:33:21,831 [INFO] Sent chunk 426. Total sent: 447741952/3022387508 bytes
2026-07-15 14:33:21,845 [INFO] Sent chunk 427. Total sent: 448790528/3022387508 bytes
2026-07-15 14:33:21,892 [INFO] Sent chunk 428. Total sent: 449839104/3022387508 bytes
2026-07-15 14:33:21,921 [INFO] Sent chunk 429. Total sent: 450887680/3022387508 bytes
2026-07-15 14:33:21,955 [INFO] Sent chunk 430. Total sent: 451936256/3022387508 bytes
2026-07-15 14:33:21,989 [INFO] Sent chunk 431. Total sent: 452984832/3022387508 bytes
2026-07-15 14:33:22,015 [INFO] Sent chunk 432. Total sent: 454033408/3022387508 bytes
2026-07-15 14:33:22,053 [INFO] Sent chunk 433. Total sent: 455081984/3022387508 bytes
2026-07-15 14:33:22,057 [INFO] Sent chunk 434. Total sent: 456130560/3022387508 bytes
2026-07-15 14:33:22,125 [INFO] Sent chunk 435. Total sent: 457179136/3022387508 bytes
2026-07-15 14:33:22,130 [INFO] Sent chunk 436. Total sent: 458227712/3022387508 bytes
2026-07-15 14:33:22,181 [INFO] Sent chunk 437. Total sent: 459276288/3022387508 bytes
2026-07-15 14:33:22,214 [INFO] Sent chunk 438. Total sent: 460324864/3022387508 bytes
2026-07-15 14:33:22,251 [INFO] Sent chunk 439. Total sent: 461373440/3022387508 bytes
2026-07-15 14:33:22,275 [INFO] Sent chunk 440. Total sent: 462422016/3022387508 bytes
2026-07-15 14:33:22,314 [INFO] Sent chunk 441. Total sent: 463470592/3022387508 bytes
2026-07-15 14:33:22,341 [INFO] Sent chunk 442. Total sent: 464519168/3022387508 bytes
2026-07-15 14:33:22,372 [INFO] Sent chunk 443. Total sent: 465567744/3022387508 bytes
2026-07-15 14:33:22,406 [INFO] Sent chunk 444. Total sent: 466616320/3022387508 bytes
2026-07-15 14:33:22,448 [INFO] Sent chunk 445. Total sent: 467664896/3022387508 bytes
2026-07-15 14:33:22,478 [INFO] Sent chunk 446. Total sent: 468713472/3022387508 bytes
2026-07-15 14:33:22,519 [INFO] Sent chunk 447. Total sent: 469762048/3022387508 bytes
2026-07-15 14:33:22,540 [INFO] Sent chunk 448. Total sent: 470810624/3022387508 bytes
2026-07-15 14:33:22,587 [INFO] Sent chunk 449. Total sent: 471859200/3022387508 bytes
2026-07-15 14:33:22,615 [INFO] Sent chunk 450. Total sent: 472907776/3022387508 bytes
2026-07-15 14:33:22,665 [INFO] Sent chunk 451. Total sent: 473956352/3022387508 bytes
2026-07-15 14:33:22,684 [INFO] Sent chunk 452. Total sent: 475004928/3022387508 bytes
2026-07-15 14:33:22,737 [INFO] Sent chunk 453. Total sent: 476053504/3022387508 bytes
2026-07-15 14:33:22,763 [INFO] Sent chunk 454. Total sent: 477102080/3022387508 bytes
2026-07-15 14:33:22,785 [INFO] Sent chunk 455. Total sent: 478150656/3022387508 bytes
2026-07-15 14:33:22,831 [INFO] Sent chunk 456. Total sent: 479199232/3022387508 bytes
2026-07-15 14:33:22,863 [INFO] Sent chunk 457. Total sent: 480247808/3022387508 bytes
2026-07-15 14:33:22,879 [INFO] Sent chunk 458. Total sent: 481296384/3022387508 bytes
2026-07-15 14:33:22,932 [INFO] Sent chunk 459. Total sent: 482344960/3022387508 bytes
2026-07-15 14:33:22,953 [INFO] Sent chunk 460. Total sent: 483393536/3022387508 bytes
2026-07-15 14:33:23,008 [INFO] Sent chunk 461. Total sent: 484442112/3022387508 bytes
2026-07-15 14:33:23,039 [INFO] Sent chunk 462. Total sent: 485490688/3022387508 bytes
2026-07-15 14:33:23,079 [INFO] Sent chunk 463. Total sent: 486539264/3022387508 bytes
2026-07-15 14:33:23,105 [INFO] Sent chunk 464. Total sent: 487587840/3022387508 bytes
2026-07-15 14:33:23,133 [INFO] Sent chunk 465. Total sent: 488636416/3022387508 bytes
2026-07-15 14:33:23,157 [INFO] Sent chunk 466. Total sent: 489684992/3022387508 bytes
2026-07-15 14:33:23,195 [INFO] Sent chunk 467. Total sent: 490733568/3022387508 bytes
2026-07-15 14:33:23,236 [INFO] Sent chunk 468. Total sent: 491782144/3022387508 bytes
2026-07-15 14:33:23,270 [INFO] Sent chunk 469. Total sent: 492830720/3022387508 bytes
2026-07-15 14:33:23,315 [INFO] Sent chunk 470. Total sent: 493879296/3022387508 bytes
2026-07-15 14:33:23,320 [INFO] Sent chunk 471. Total sent: 494927872/3022387508 bytes
2026-07-15 14:33:23,409 [INFO] Sent chunk 472. Total sent: 495976448/3022387508 bytes
2026-07-15 14:33:23,429 [INFO] Sent chunk 473. Total sent: 497025024/3022387508 bytes
2026-07-15 14:33:23,435 [INFO] Sent chunk 474. Total sent: 498073600/3022387508 bytes
2026-07-15 14:33:23,493 [INFO] Sent chunk 475. Total sent: 499122176/3022387508 bytes
2026-07-15 14:33:23,541 [INFO] Sent chunk 476. Total sent: 500170752/3022387508 bytes
2026-07-15 14:33:23,564 [INFO] Sent chunk 477. Total sent: 501219328/3022387508 bytes
2026-07-15 14:33:23,611 [INFO] Sent chunk 478. Total sent: 502267904/3022387508 bytes
2026-07-15 14:33:23,644 [INFO] Sent chunk 479. Total sent: 503316480/3022387508 bytes
2026-07-15 14:33:23,665 [INFO] Sent chunk 480. Total sent: 504365056/3022387508 bytes
2026-07-15 14:33:23,701 [INFO] Sent chunk 481. Total sent: 505413632/3022387508 bytes
2026-07-15 14:33:23,733 [INFO] Sent chunk 482. Total sent: 506462208/3022387508 bytes
2026-07-15 14:33:23,760 [INFO] Sent chunk 483. Total sent: 507510784/3022387508 bytes
2026-07-15 14:33:23,801 [INFO] Sent chunk 484. Total sent: 508559360/3022387508 bytes
2026-07-15 14:33:23,820 [INFO] Sent chunk 485. Total sent: 509607936/3022387508 bytes
2026-07-15 14:33:23,871 [INFO] Sent chunk 486. Total sent: 510656512/3022387508 bytes
2026-07-15 14:33:23,899 [INFO] Sent chunk 487. Total sent: 511705088/3022387508 bytes
2026-07-15 14:33:23,914 [INFO] Sent chunk 488. Total sent: 512753664/3022387508 bytes
2026-07-15 14:33:23,964 [INFO] Sent chunk 489. Total sent: 513802240/3022387508 bytes
2026-07-15 14:33:24,003 [INFO] Sent chunk 490. Total sent: 514850816/3022387508 bytes
2026-07-15 14:33:24,033 [INFO] Sent chunk 491. Total sent: 515899392/3022387508 bytes
2026-07-15 14:33:24,058 [INFO] Sent chunk 492. Total sent: 516947968/3022387508 bytes
2026-07-15 14:33:24,111 [INFO] Sent chunk 493. Total sent: 517996544/3022387508 bytes
2026-07-15 14:33:24,152 [INFO] Sent chunk 494. Total sent: 519045120/3022387508 bytes
2026-07-15 14:33:24,192 [INFO] Sent chunk 495. Total sent: 520093696/3022387508 bytes
2026-07-15 14:33:24,236 [INFO] Sent chunk 496. Total sent: 521142272/3022387508 bytes
2026-07-15 14:33:24,267 [INFO] Sent chunk 497. Total sent: 522190848/3022387508 bytes
2026-07-15 14:33:24,279 [INFO] Sent chunk 498. Total sent: 523239424/3022387508 bytes
2026-07-15 14:33:24,346 [INFO] Sent chunk 499. Total sent: 524288000/3022387508 bytes
2026-07-15 14:33:24,372 [INFO] Sent chunk 500. Total sent: 525336576/3022387508 bytes
2026-07-15 14:33:24,422 [INFO] Sent chunk 501. Total sent: 526385152/3022387508 bytes
2026-07-15 14:33:24,447 [INFO] Sent chunk 502. Total sent: 527433728/3022387508 bytes
2026-07-15 14:33:24,501 [INFO] Sent chunk 503. Total sent: 528482304/3022387508 bytes
2026-07-15 14:33:24,544 [INFO] Sent chunk 504. Total sent: 529530880/3022387508 bytes
2026-07-15 14:33:24,550 [INFO] Sent chunk 505. Total sent: 530579456/3022387508 bytes
2026-07-15 14:33:24,615 [INFO] Sent chunk 506. Total sent: 531628032/3022387508 bytes
2026-07-15 14:33:24,650 [INFO] Sent chunk 507. Total sent: 532676608/3022387508 bytes
2026-07-15 14:33:24,658 [INFO] Sent chunk 508. Total sent: 533725184/3022387508 bytes
2026-07-15 14:33:24,725 [INFO] Sent chunk 509. Total sent: 534773760/3022387508 bytes
2026-07-15 14:33:24,754 [INFO] Sent chunk 510. Total sent: 535822336/3022387508 bytes
2026-07-15 14:33:24,803 [INFO] Sent chunk 511. Total sent: 536870912/3022387508 bytes
2026-07-15 14:33:24,813 [INFO] Sent chunk 512. Total sent: 537919488/3022387508 bytes
2026-07-15 14:33:24,868 [INFO] Sent chunk 513. Total sent: 538968064/3022387508 bytes
2026-07-15 14:33:24,899 [INFO] Sent chunk 514. Total sent: 540016640/3022387508 bytes
2026-07-15 14:33:24,907 [INFO] Sent chunk 515. Total sent: 541065216/3022387508 bytes
2026-07-15 14:33:24,966 [INFO] Sent chunk 516. Total sent: 542113792/3022387508 bytes
2026-07-15 14:33:24,981 [INFO] Sent chunk 517. Total sent: 543162368/3022387508 bytes
2026-07-15 14:33:25,040 [INFO] Sent chunk 518. Total sent: 544210944/3022387508 bytes
2026-07-15 14:33:25,047 [INFO] Sent chunk 519. Total sent: 545259520/3022387508 bytes
2026-07-15 14:33:25,134 [INFO] Sent chunk 520. Total sent: 546308096/3022387508 bytes
2026-07-15 14:33:25,139 [INFO] Sent chunk 521. Total sent: 547356672/3022387508 bytes
2026-07-15 14:33:25,191 [INFO] Sent chunk 522. Total sent: 548405248/3022387508 bytes
2026-07-15 14:33:25,198 [INFO] Sent chunk 523. Total sent: 549453824/3022387508 bytes
2026-07-15 14:33:25,285 [INFO] Sent chunk 524. Total sent: 550502400/3022387508 bytes
2026-07-15 14:33:25,293 [INFO] Sent chunk 525. Total sent: 551550976/3022387508 bytes
2026-07-15 14:33:25,333 [INFO] Sent chunk 526. Total sent: 552599552/3022387508 bytes
2026-07-15 14:33:25,384 [INFO] Sent chunk 527. Total sent: 553648128/3022387508 bytes
2026-07-15 14:33:25,430 [INFO] Sent chunk 528. Total sent: 554696704/3022387508 bytes
2026-07-15 14:33:25,468 [INFO] Sent chunk 529. Total sent: 555745280/3022387508 bytes
2026-07-15 14:33:25,477 [INFO] Sent chunk 530. Total sent: 556793856/3022387508 bytes
2026-07-15 14:33:25,546 [INFO] Sent chunk 531. Total sent: 557842432/3022387508 bytes
2026-07-15 14:33:25,568 [INFO] Sent chunk 532. Total sent: 558891008/3022387508 bytes
2026-07-15 14:33:25,590 [INFO] Sent chunk 533. Total sent: 559939584/3022387508 bytes
2026-07-15 14:33:25,630 [INFO] Sent chunk 534. Total sent: 560988160/3022387508 bytes
2026-07-15 14:33:25,666 [INFO] Sent chunk 535. Total sent: 562036736/3022387508 bytes
2026-07-15 14:33:25,701 [INFO] Sent chunk 536. Total sent: 563085312/3022387508 bytes
2026-07-15 14:33:25,741 [INFO] Sent chunk 537. Total sent: 564133888/3022387508 bytes
2026-07-15 14:33:25,764 [INFO] Sent chunk 538. Total sent: 565182464/3022387508 bytes
2026-07-15 14:33:25,810 [INFO] Sent chunk 539. Total sent: 566231040/3022387508 bytes
2026-07-15 14:33:25,821 [INFO] Sent chunk 540. Total sent: 567279616/3022387508 bytes
2026-07-15 14:33:25,886 [INFO] Sent chunk 541. Total sent: 568328192/3022387508 bytes
2026-07-15 14:33:25,891 [INFO] Sent chunk 542. Total sent: 569376768/3022387508 bytes
2026-07-15 14:33:25,967 [INFO] Sent chunk 543. Total sent: 570425344/3022387508 bytes
2026-07-15 14:33:26,011 [INFO] Sent chunk 544. Total sent: 571473920/3022387508 bytes
2026-07-15 14:33:26,015 [INFO] Sent chunk 545. Total sent: 572522496/3022387508 bytes
2026-07-15 14:33:26,069 [INFO] Sent chunk 546. Total sent: 573571072/3022387508 bytes
2026-07-15 14:33:26,083 [INFO] Sent chunk 547. Total sent: 574619648/3022387508 bytes
2026-07-15 14:33:26,135 [INFO] Sent chunk 548. Total sent: 575668224/3022387508 bytes
2026-07-15 14:33:26,162 [INFO] Sent chunk 549. Total sent: 576716800/3022387508 bytes
2026-07-15 14:33:26,191 [INFO] Sent chunk 550. Total sent: 577765376/3022387508 bytes
2026-07-15 14:33:26,246 [INFO] Sent chunk 551. Total sent: 578813952/3022387508 bytes
2026-07-15 14:33:26,283 [INFO] Sent chunk 552. Total sent: 579862528/3022387508 bytes
2026-07-15 14:33:26,288 [INFO] Sent chunk 553. Total sent: 580911104/3022387508 bytes
2026-07-15 14:33:26,363 [INFO] Sent chunk 554. Total sent: 581959680/3022387508 bytes
2026-07-15 14:33:26,374 [INFO] Sent chunk 555. Total sent: 583008256/3022387508 bytes
2026-07-15 14:33:26,445 [INFO] Sent chunk 556. Total sent: 584056832/3022387508 bytes
2026-07-15 14:33:26,452 [INFO] Sent chunk 557. Total sent: 585105408/3022387508 bytes
2026-07-15 14:33:26,492 [INFO] Sent chunk 558. Total sent: 586153984/3022387508 bytes
2026-07-15 14:33:26,520 [INFO] Sent chunk 559. Total sent: 587202560/3022387508 bytes
2026-07-15 14:33:26,543 [INFO] Sent chunk 560. Total sent: 588251136/3022387508 bytes
2026-07-15 14:33:26,591 [INFO] Sent chunk 561. Total sent: 589299712/3022387508 bytes
2026-07-15 14:33:26,607 [INFO] Sent chunk 562. Total sent: 590348288/3022387508 bytes
2026-07-15 14:33:26,654 [INFO] Sent chunk 563. Total sent: 591396864/3022387508 bytes
2026-07-15 14:33:26,677 [INFO] Sent chunk 564. Total sent: 592445440/3022387508 bytes
2026-07-15 14:33:26,710 [INFO] Sent chunk 565. Total sent: 593494016/3022387508 bytes
2026-07-15 14:33:26,749 [INFO] Sent chunk 566. Total sent: 594542592/3022387508 bytes
2026-07-15 14:33:26,752 [INFO] Sent chunk 567. Total sent: 595591168/3022387508 bytes
2026-07-15 14:33:26,821 [INFO] Sent chunk 568. Total sent: 596639744/3022387508 bytes
2026-07-15 14:33:26,832 [INFO] Sent chunk 569. Total sent: 597688320/3022387508 bytes
2026-07-15 14:33:26,908 [INFO] Sent chunk 570. Total sent: 598736896/3022387508 bytes
2026-07-15 14:33:26,944 [INFO] Sent chunk 571. Total sent: 599785472/3022387508 bytes
2026-07-15 14:33:26,983 [INFO] Sent chunk 572. Total sent: 600834048/3022387508 bytes
2026-07-15 14:33:26,996 [INFO] Sent chunk 573. Total sent: 601882624/3022387508 bytes
2026-07-15 14:33:27,040 [INFO] Sent chunk 574. Total sent: 602931200/3022387508 bytes
2026-07-15 14:33:27,068 [INFO] Sent chunk 575. Total sent: 603979776/3022387508 bytes
2026-07-15 14:33:27,093 [INFO] Sent chunk 576. Total sent: 605028352/3022387508 bytes
2026-07-15 14:33:27,133 [INFO] Sent chunk 577. Total sent: 606076928/3022387508 bytes
2026-07-15 14:33:27,174 [INFO] Sent chunk 578. Total sent: 607125504/3022387508 bytes
2026-07-15 14:33:27,213 [INFO] Sent chunk 579. Total sent: 608174080/3022387508 bytes
2026-07-15 14:33:27,241 [INFO] Sent chunk 580. Total sent: 609222656/3022387508 bytes
2026-07-15 14:33:27,282 [INFO] Sent chunk 581. Total sent: 610271232/3022387508 bytes
2026-07-15 14:33:27,308 [INFO] Sent chunk 582. Total sent: 611319808/3022387508 bytes
2026-07-15 14:33:27,354 [INFO] Sent chunk 583. Total sent: 612368384/3022387508 bytes
2026-07-15 14:33:27,359 [INFO] Sent chunk 584. Total sent: 613416960/3022387508 bytes
2026-07-15 14:33:27,402 [INFO] Sent chunk 585. Total sent: 614465536/3022387508 bytes
2026-07-15 14:33:27,454 [INFO] Sent chunk 586. Total sent: 615514112/3022387508 bytes
2026-07-15 14:33:27,481 [INFO] Sent chunk 587. Total sent: 616562688/3022387508 bytes
2026-07-15 14:33:27,515 [INFO] Sent chunk 588. Total sent: 617611264/3022387508 bytes
2026-07-15 14:33:27,549 [INFO] Sent chunk 589. Total sent: 618659840/3022387508 bytes
2026-07-15 14:33:27,587 [INFO] Sent chunk 590. Total sent: 619708416/3022387508 bytes
2026-07-15 14:33:27,625 [INFO] Sent chunk 591. Total sent: 620756992/3022387508 bytes
2026-07-15 14:33:27,660 [INFO] Sent chunk 592. Total sent: 621805568/3022387508 bytes
2026-07-15 14:33:27,711 [INFO] Sent chunk 593. Total sent: 622854144/3022387508 bytes
2026-07-15 14:33:27,714 [INFO] Sent chunk 594. Total sent: 623902720/3022387508 bytes
2026-07-15 14:33:27,797 [INFO] Sent chunk 595. Total sent: 624951296/3022387508 bytes
2026-07-15 14:33:27,809 [INFO] Sent chunk 596. Total sent: 625999872/3022387508 bytes
2026-07-15 14:33:27,860 [INFO] Sent chunk 597. Total sent: 627048448/3022387508 bytes
2026-07-15 14:33:27,886 [INFO] Sent chunk 598. Total sent: 628097024/3022387508 bytes
2026-07-15 14:33:27,926 [INFO] Sent chunk 599. Total sent: 629145600/3022387508 bytes
2026-07-15 14:33:27,971 [INFO] Sent chunk 600. Total sent: 630194176/3022387508 bytes
2026-07-15 14:33:28,020 [INFO] Sent chunk 601. Total sent: 631242752/3022387508 bytes
2026-07-15 14:33:28,048 [INFO] Sent chunk 602. Total sent: 632291328/3022387508 bytes
2026-07-15 14:33:28,092 [INFO] Sent chunk 603. Total sent: 633339904/3022387508 bytes
2026-07-15 14:33:28,111 [INFO] Sent chunk 604. Total sent: 634388480/3022387508 bytes
2026-07-15 14:33:28,167 [INFO] Sent chunk 605. Total sent: 635437056/3022387508 bytes
2026-07-15 14:33:28,183 [INFO] Sent chunk 606. Total sent: 636485632/3022387508 bytes
2026-07-15 14:33:28,225 [INFO] Sent chunk 607. Total sent: 637534208/3022387508 bytes
2026-07-15 14:33:28,269 [INFO] Sent chunk 608. Total sent: 638582784/3022387508 bytes
2026-07-15 14:33:28,274 [INFO] Sent chunk 609. Total sent: 639631360/3022387508 bytes
2026-07-15 14:33:28,351 [INFO] Sent chunk 610. Total sent: 640679936/3022387508 bytes
2026-07-15 14:33:28,372 [INFO] Sent chunk 611. Total sent: 641728512/3022387508 bytes
2026-07-15 14:33:28,401 [INFO] Sent chunk 612. Total sent: 642777088/3022387508 bytes
2026-07-15 14:33:28,471 [INFO] Sent chunk 613. Total sent: 643825664/3022387508 bytes
2026-07-15 14:33:28,473 [INFO] Sent chunk 614. Total sent: 644874240/3022387508 bytes
2026-07-15 14:33:28,557 [INFO] Sent chunk 615. Total sent: 645922816/3022387508 bytes
2026-07-15 14:33:28,560 [INFO] Sent chunk 616. Total sent: 646971392/3022387508 bytes
2026-07-15 14:33:28,624 [INFO] Sent chunk 617. Total sent: 648019968/3022387508 bytes
2026-07-15 14:33:28,628 [INFO] Sent chunk 618. Total sent: 649068544/3022387508 bytes
2026-07-15 14:33:28,677 [INFO] Sent chunk 619. Total sent: 650117120/3022387508 bytes
2026-07-15 14:33:28,734 [INFO] Sent chunk 620. Total sent: 651165696/3022387508 bytes
2026-07-15 14:33:28,771 [INFO] Sent chunk 621. Total sent: 652214272/3022387508 bytes
2026-07-15 14:33:28,804 [INFO] Sent chunk 622. Total sent: 653262848/3022387508 bytes
2026-07-15 14:33:28,839 [INFO] Sent chunk 623. Total sent: 654311424/3022387508 bytes
2026-07-15 14:33:28,860 [INFO] Sent chunk 624. Total sent: 655360000/3022387508 bytes
2026-07-15 14:33:28,879 [INFO] Sent chunk 625. Total sent: 656408576/3022387508 bytes
2026-07-15 14:33:28,953 [INFO] Sent chunk 626. Total sent: 657457152/3022387508 bytes
2026-07-15 14:33:28,992 [INFO] Sent chunk 627. Total sent: 658505728/3022387508 bytes
2026-07-15 14:33:29,021 [INFO] Sent chunk 628. Total sent: 659554304/3022387508 bytes
2026-07-15 14:33:29,047 [INFO] Sent chunk 629. Total sent: 660602880/3022387508 bytes
2026-07-15 14:33:29,102 [INFO] Sent chunk 630. Total sent: 661651456/3022387508 bytes
2026-07-15 14:33:29,128 [INFO] Sent chunk 631. Total sent: 662700032/3022387508 bytes
2026-07-15 14:33:29,173 [INFO] Sent chunk 632. Total sent: 663748608/3022387508 bytes
2026-07-15 14:33:29,208 [INFO] Sent chunk 633. Total sent: 664797184/3022387508 bytes
2026-07-15 14:33:29,258 [INFO] Sent chunk 634. Total sent: 665845760/3022387508 bytes
2026-07-15 14:33:29,299 [INFO] Sent chunk 635. Total sent: 666894336/3022387508 bytes
2026-07-15 14:33:29,320 [INFO] Sent chunk 636. Total sent: 667942912/3022387508 bytes
2026-07-15 14:33:29,358 [INFO] Sent chunk 637. Total sent: 668991488/3022387508 bytes
2026-07-15 14:33:29,381 [INFO] Sent chunk 638. Total sent: 670040064/3022387508 bytes
2026-07-15 14:33:29,410 [INFO] Sent chunk 639. Total sent: 671088640/3022387508 bytes
2026-07-15 14:33:29,431 [INFO] Sent chunk 640. Total sent: 672137216/3022387508 bytes
2026-07-15 14:33:29,505 [INFO] Sent chunk 641. Total sent: 673185792/3022387508 bytes
2026-07-15 14:33:29,522 [INFO] Sent chunk 642. Total sent: 674234368/3022387508 bytes
2026-07-15 14:33:29,549 [INFO] Sent chunk 643. Total sent: 675282944/3022387508 bytes
2026-07-15 14:33:29,564 [INFO] Sent chunk 644. Total sent: 676331520/3022387508 bytes
2026-07-15 14:33:29,609 [INFO] Sent chunk 645. Total sent: 677380096/3022387508 bytes
2026-07-15 14:33:29,641 [INFO] Sent chunk 646. Total sent: 678428672/3022387508 bytes
2026-07-15 14:33:29,689 [INFO] Sent chunk 647. Total sent: 679477248/3022387508 bytes
2026-07-15 14:33:29,712 [INFO] Sent chunk 648. Total sent: 680525824/3022387508 bytes
2026-07-15 14:33:29,736 [INFO] Sent chunk 649. Total sent: 681574400/3022387508 bytes
2026-07-15 14:33:29,782 [INFO] Sent chunk 650. Total sent: 682622976/3022387508 bytes
2026-07-15 14:33:29,811 [INFO] Sent chunk 651. Total sent: 683671552/3022387508 bytes
2026-07-15 14:33:29,826 [INFO] Sent chunk 652. Total sent: 684720128/3022387508 bytes
2026-07-15 14:33:29,881 [INFO] Sent chunk 653. Total sent: 685768704/3022387508 bytes
2026-07-15 14:33:29,901 [INFO] Sent chunk 654. Total sent: 686817280/3022387508 bytes
2026-07-15 14:33:29,960 [INFO] Sent chunk 655. Total sent: 687865856/3022387508 bytes
2026-07-15 14:33:29,968 [INFO] Sent chunk 656. Total sent: 688914432/3022387508 bytes
2026-07-15 14:33:30,001 [INFO] Sent chunk 657. Total sent: 689963008/3022387508 bytes
2026-07-15 14:33:30,034 [INFO] Sent chunk 658. Total sent: 691011584/3022387508 bytes
2026-07-15 14:33:30,061 [INFO] Sent chunk 659. Total sent: 692060160/3022387508 bytes
2026-07-15 14:33:30,090 [INFO] Sent chunk 660. Total sent: 693108736/3022387508 bytes
2026-07-15 14:33:30,153 [INFO] Sent chunk 661. Total sent: 694157312/3022387508 bytes
2026-07-15 14:33:30,190 [INFO] Sent chunk 662. Total sent: 695205888/3022387508 bytes
2026-07-15 14:33:30,222 [INFO] Sent chunk 663. Total sent: 696254464/3022387508 bytes
2026-07-15 14:33:30,274 [INFO] Sent chunk 664. Total sent: 697303040/3022387508 bytes
2026-07-15 14:33:30,296 [INFO] Sent chunk 665. Total sent: 698351616/3022387508 bytes
2026-07-15 14:33:30,327 [INFO] Sent chunk 666. Total sent: 699400192/3022387508 bytes
2026-07-15 14:33:30,356 [INFO] Sent chunk 667. Total sent: 700448768/3022387508 bytes
2026-07-15 14:33:30,376 [INFO] Sent chunk 668. Total sent: 701497344/3022387508 bytes
2026-07-15 14:33:30,416 [INFO] Sent chunk 669. Total sent: 702545920/3022387508 bytes
2026-07-15 14:33:30,426 [INFO] Sent chunk 670. Total sent: 703594496/3022387508 bytes
2026-07-15 14:33:30,479 [INFO] Sent chunk 671. Total sent: 704643072/3022387508 bytes
2026-07-15 14:33:30,494 [INFO] Sent chunk 672. Total sent: 705691648/3022387508 bytes
2026-07-15 14:33:30,559 [INFO] Sent chunk 673. Total sent: 706740224/3022387508 bytes
2026-07-15 14:33:30,576 [INFO] Sent chunk 674. Total sent: 707788800/3022387508 bytes
2026-07-15 14:33:30,582 [INFO] Sent chunk 675. Total sent: 708837376/3022387508 bytes
2026-07-15 14:33:30,649 [INFO] Sent chunk 676. Total sent: 709885952/3022387508 bytes
2026-07-15 14:33:30,681 [INFO] Sent chunk 677. Total sent: 710934528/3022387508 bytes
2026-07-15 14:33:30,685 [INFO] Sent chunk 678. Total sent: 711983104/3022387508 bytes
2026-07-15 14:33:30,773 [INFO] Sent chunk 679. Total sent: 713031680/3022387508 bytes
2026-07-15 14:33:30,778 [INFO] Sent chunk 680. Total sent: 714080256/3022387508 bytes
2026-07-15 14:33:30,841 [INFO] Sent chunk 681. Total sent: 715128832/3022387508 bytes
2026-07-15 14:33:30,870 [INFO] Sent chunk 682. Total sent: 716177408/3022387508 bytes
2026-07-15 14:33:30,875 [INFO] Sent chunk 683. Total sent: 717225984/3022387508 bytes
2026-07-15 14:33:30,941 [INFO] Sent chunk 684. Total sent: 718274560/3022387508 bytes
2026-07-15 14:33:30,972 [INFO] Sent chunk 685. Total sent: 719323136/3022387508 bytes
2026-07-15 14:33:30,984 [INFO] Sent chunk 686. Total sent: 720371712/3022387508 bytes
2026-07-15 14:33:31,057 [INFO] Sent chunk 687. Total sent: 721420288/3022387508 bytes
2026-07-15 14:33:31,068 [INFO] Sent chunk 688. Total sent: 722468864/3022387508 bytes
2026-07-15 14:33:31,098 [INFO] Sent chunk 689. Total sent: 723517440/3022387508 bytes
2026-07-15 14:33:31,129 [INFO] Sent chunk 690. Total sent: 724566016/3022387508 bytes
2026-07-15 14:33:31,133 [INFO] Sent chunk 691. Total sent: 725614592/3022387508 bytes
2026-07-15 14:33:31,199 [INFO] Sent chunk 692. Total sent: 726663168/3022387508 bytes
2026-07-15 14:33:31,206 [INFO] Sent chunk 693. Total sent: 727711744/3022387508 bytes
2026-07-15 14:33:31,244 [INFO] Sent chunk 694. Total sent: 728760320/3022387508 bytes
2026-07-15 14:33:31,266 [INFO] Sent chunk 695. Total sent: 729808896/3022387508 bytes
2026-07-15 14:33:31,303 [INFO] Sent chunk 696. Total sent: 730857472/3022387508 bytes
2026-07-15 14:33:31,344 [INFO] Sent chunk 697. Total sent: 731906048/3022387508 bytes
2026-07-15 14:33:31,366 [INFO] Sent chunk 698. Total sent: 732954624/3022387508 bytes
2026-07-15 14:33:31,405 [INFO] Sent chunk 699. Total sent: 734003200/3022387508 bytes
2026-07-15 14:33:31,415 [INFO] Sent chunk 700. Total sent: 735051776/3022387508 bytes
2026-07-15 14:33:31,487 [INFO] Sent chunk 701. Total sent: 736100352/3022387508 bytes
2026-07-15 14:33:31,493 [INFO] Sent chunk 702. Total sent: 737148928/3022387508 bytes
2026-07-15 14:33:31,528 [INFO] Sent chunk 703. Total sent: 738197504/3022387508 bytes
2026-07-15 14:33:31,543 [INFO] Sent chunk 704. Total sent: 739246080/3022387508 bytes
2026-07-15 14:33:31,595 [INFO] Sent chunk 705. Total sent: 740294656/3022387508 bytes
2026-07-15 14:33:31,624 [INFO] Sent chunk 706. Total sent: 741343232/3022387508 bytes
2026-07-15 14:33:31,660 [INFO] Sent chunk 707. Total sent: 742391808/3022387508 bytes
2026-07-15 14:33:31,681 [INFO] Sent chunk 708. Total sent: 743440384/3022387508 bytes
2026-07-15 14:33:31,721 [INFO] Sent chunk 709. Total sent: 744488960/3022387508 bytes
2026-07-15 14:33:31,763 [INFO] Sent chunk 710. Total sent: 745537536/3022387508 bytes
2026-07-15 14:33:31,789 [INFO] Sent chunk 711. Total sent: 746586112/3022387508 bytes
2026-07-15 14:33:31,808 [INFO] Sent chunk 712. Total sent: 747634688/3022387508 bytes
2026-07-15 14:33:31,832 [INFO] Sent chunk 713. Total sent: 748683264/3022387508 bytes
2026-07-15 14:33:31,869 [INFO] Sent chunk 714. Total sent: 749731840/3022387508 bytes
2026-07-15 14:33:31,881 [INFO] Sent chunk 715. Total sent: 750780416/3022387508 bytes
2026-07-15 14:33:31,942 [INFO] Sent chunk 716. Total sent: 751828992/3022387508 bytes
2026-07-15 14:33:31,946 [INFO] Sent chunk 717. Total sent: 752877568/3022387508 bytes
2026-07-15 14:33:32,034 [INFO] Sent chunk 718. Total sent: 753926144/3022387508 bytes
2026-07-15 14:33:32,040 [INFO] Sent chunk 719. Total sent: 754974720/3022387508 bytes
2026-07-15 14:33:32,065 [INFO] Sent chunk 720. Total sent: 756023296/3022387508 bytes
2026-07-15 14:33:32,113 [INFO] Sent chunk 721. Total sent: 757071872/3022387508 bytes
2026-07-15 14:33:32,167 [INFO] Sent chunk 722. Total sent: 758120448/3022387508 bytes
2026-07-15 14:33:32,257 [INFO] Sent chunk 723. Total sent: 759169024/3022387508 bytes
2026-07-15 14:33:32,274 [INFO] Sent chunk 724. Total sent: 760217600/3022387508 bytes
2026-07-15 14:33:32,320 [INFO] Sent chunk 725. Total sent: 761266176/3022387508 bytes
2026-07-15 14:33:32,351 [INFO] Sent chunk 726. Total sent: 762314752/3022387508 bytes
2026-07-15 14:33:32,408 [INFO] Sent chunk 727. Total sent: 763363328/3022387508 bytes
2026-07-15 14:33:32,471 [INFO] Sent chunk 728. Total sent: 764411904/3022387508 bytes
2026-07-15 14:33:32,520 [INFO] Sent chunk 729. Total sent: 765460480/3022387508 bytes
2026-07-15 14:33:32,534 [INFO] Sent chunk 730. Total sent: 766509056/3022387508 bytes
2026-07-15 14:33:32,584 [INFO] Sent chunk 731. Total sent: 767557632/3022387508 bytes
2026-07-15 14:33:32,627 [INFO] Sent chunk 732. Total sent: 768606208/3022387508 bytes
2026-07-15 14:33:32,669 [INFO] Sent chunk 733. Total sent: 769654784/3022387508 bytes
2026-07-15 14:33:32,693 [INFO] Sent chunk 734. Total sent: 770703360/3022387508 bytes
2026-07-15 14:33:32,740 [INFO] Sent chunk 735. Total sent: 771751936/3022387508 bytes
2026-07-15 14:33:32,764 [INFO] Sent chunk 736. Total sent: 772800512/3022387508 bytes
2026-07-15 14:33:32,789 [INFO] Sent chunk 737. Total sent: 773849088/3022387508 bytes
2026-07-15 14:33:32,844 [INFO] Sent chunk 738. Total sent: 774897664/3022387508 bytes
2026-07-15 14:33:32,877 [INFO] Sent chunk 739. Total sent: 775946240/3022387508 bytes
2026-07-15 14:33:32,908 [INFO] Sent chunk 740. Total sent: 776994816/3022387508 bytes
2026-07-15 14:33:32,934 [INFO] Sent chunk 741. Total sent: 778043392/3022387508 bytes
2026-07-15 14:33:32,971 [INFO] Sent chunk 742. Total sent: 779091968/3022387508 bytes
2026-07-15 14:33:33,017 [INFO] Sent chunk 743. Total sent: 780140544/3022387508 bytes
2026-07-15 14:33:33,039 [INFO] Sent chunk 744. Total sent: 781189120/3022387508 bytes
2026-07-15 14:33:33,082 [INFO] Sent chunk 745. Total sent: 782237696/3022387508 bytes
2026-07-15 14:33:33,167 [INFO] Sent chunk 746. Total sent: 783286272/3022387508 bytes
2026-07-15 14:33:33,170 [INFO] Sent chunk 747. Total sent: 784334848/3022387508 bytes
2026-07-15 14:33:33,175 [INFO] Sent chunk 748. Total sent: 785383424/3022387508 bytes
2026-07-15 14:33:33,277 [INFO] Sent chunk 749. Total sent: 786432000/3022387508 bytes
2026-07-15 14:33:33,283 [INFO] Sent chunk 750. Total sent: 787480576/3022387508 bytes
2026-07-15 14:33:33,287 [INFO] Sent chunk 751. Total sent: 788529152/3022387508 bytes
2026-07-15 14:33:33,289 [INFO] Sent chunk 752. Total sent: 789577728/3022387508 bytes
2026-07-15 14:33:33,304 [INFO] Sent chunk 753. Total sent: 790626304/3022387508 bytes
2026-07-15 14:33:33,363 [INFO] Sent chunk 754. Total sent: 791674880/3022387508 bytes
2026-07-15 14:33:33,399 [INFO] Sent chunk 755. Total sent: 792723456/3022387508 bytes
2026-07-15 14:33:33,445 [INFO] Sent chunk 756. Total sent: 793772032/3022387508 bytes
2026-07-15 14:33:33,452 [INFO] Sent chunk 757. Total sent: 794820608/3022387508 bytes
2026-07-15 14:33:33,506 [INFO] Sent chunk 758. Total sent: 795869184/3022387508 bytes
2026-07-15 14:33:33,531 [INFO] Sent chunk 759. Total sent: 796917760/3022387508 bytes
2026-07-15 14:33:33,576 [INFO] Sent chunk 760. Total sent: 797966336/3022387508 bytes
2026-07-15 14:33:33,603 [INFO] Sent chunk 761. Total sent: 799014912/3022387508 bytes
2026-07-15 14:33:33,640 [INFO] Sent chunk 762. Total sent: 800063488/3022387508 bytes
2026-07-15 14:33:33,665 [INFO] Sent chunk 763. Total sent: 801112064/3022387508 bytes
2026-07-15 14:33:33,683 [INFO] Sent chunk 764. Total sent: 802160640/3022387508 bytes
2026-07-15 14:33:33,702 [INFO] Sent chunk 765. Total sent: 803209216/3022387508 bytes
2026-07-15 14:33:33,761 [INFO] Sent chunk 766. Total sent: 804257792/3022387508 bytes
2026-07-15 14:33:33,772 [INFO] Sent chunk 767. Total sent: 805306368/3022387508 bytes
2026-07-15 14:33:33,831 [INFO] Sent chunk 768. Total sent: 806354944/3022387508 bytes
2026-07-15 14:33:33,856 [INFO] Sent chunk 769. Total sent: 807403520/3022387508 bytes
2026-07-15 14:33:33,865 [INFO] Sent chunk 770. Total sent: 808452096/3022387508 bytes
2026-07-15 14:33:33,885 [INFO] Sent chunk 771. Total sent: 809500672/3022387508 bytes
2026-07-15 14:33:34,009 [INFO] Sent chunk 772. Total sent: 810549248/3022387508 bytes
2026-07-15 14:33:34,031 [INFO] Sent chunk 773. Total sent: 811597824/3022387508 bytes
2026-07-15 14:33:34,036 [INFO] Sent chunk 774. Total sent: 812646400/3022387508 bytes
2026-07-15 14:33:34,060 [INFO] Sent chunk 775. Total sent: 813694976/3022387508 bytes
2026-07-15 14:33:34,100 [INFO] Sent chunk 776. Total sent: 814743552/3022387508 bytes
2026-07-15 14:33:34,215 [INFO] Sent chunk 777. Total sent: 815792128/3022387508 bytes
2026-07-15 14:33:34,252 [INFO] Sent chunk 778. Total sent: 816840704/3022387508 bytes
2026-07-15 14:33:34,262 [INFO] Sent chunk 779. Total sent: 817889280/3022387508 bytes
2026-07-15 14:33:34,297 [INFO] Sent chunk 780. Total sent: 818937856/3022387508 bytes
2026-07-15 14:33:34,366 [INFO] Sent chunk 781. Total sent: 819986432/3022387508 bytes
2026-07-15 14:33:34,434 [INFO] Sent chunk 782. Total sent: 821035008/3022387508 bytes
2026-07-15 14:33:34,437 [INFO] Sent chunk 783. Total sent: 822083584/3022387508 bytes
2026-07-15 14:33:34,464 [INFO] Sent chunk 784. Total sent: 823132160/3022387508 bytes
2026-07-15 14:33:34,491 [INFO] Sent chunk 785. Total sent: 824180736/3022387508 bytes
2026-07-15 14:33:34,596 [INFO] Sent chunk 786. Total sent: 825229312/3022387508 bytes
2026-07-15 14:33:34,604 [INFO] Sent chunk 787. Total sent: 826277888/3022387508 bytes
2026-07-15 14:33:34,612 [INFO] Sent chunk 788. Total sent: 827326464/3022387508 bytes
2026-07-15 14:33:34,667 [INFO] Sent chunk 789. Total sent: 828375040/3022387508 bytes
2026-07-15 14:33:34,696 [INFO] Sent chunk 790. Total sent: 829423616/3022387508 bytes
2026-07-15 14:33:34,811 [INFO] Sent chunk 791. Total sent: 830472192/3022387508 bytes
2026-07-15 14:33:34,815 [INFO] Sent chunk 792. Total sent: 831520768/3022387508 bytes
2026-07-15 14:33:34,822 [INFO] Sent chunk 793. Total sent: 832569344/3022387508 bytes
2026-07-15 14:33:34,866 [INFO] Sent chunk 794. Total sent: 833617920/3022387508 bytes
2026-07-15 14:33:34,900 [INFO] Sent chunk 795. Total sent: 834666496/3022387508 bytes
2026-07-15 14:33:34,948 [INFO] Sent chunk 796. Total sent: 835715072/3022387508 bytes
2026-07-15 14:33:35,066 [INFO] Sent chunk 797. Total sent: 836763648/3022387508 bytes
2026-07-15 14:33:35,118 [INFO] Sent chunk 798. Total sent: 837812224/3022387508 bytes
2026-07-15 14:33:35,123 [INFO] Sent chunk 799. Total sent: 838860800/3022387508 bytes
2026-07-15 14:33:35,136 [INFO] Sent chunk 800. Total sent: 839909376/3022387508 bytes
2026-07-15 14:33:35,227 [INFO] Sent chunk 801. Total sent: 840957952/3022387508 bytes
2026-07-15 14:33:35,255 [INFO] Sent chunk 802. Total sent: 842006528/3022387508 bytes
2026-07-15 14:33:35,302 [INFO] Sent chunk 803. Total sent: 843055104/3022387508 bytes
2026-07-15 14:33:35,342 [INFO] Sent chunk 804. Total sent: 844103680/3022387508 bytes
2026-07-15 14:33:35,379 [INFO] Sent chunk 805. Total sent: 845152256/3022387508 bytes
2026-07-15 14:33:35,410 [INFO] Sent chunk 806. Total sent: 846200832/3022387508 bytes
2026-07-15 14:33:35,504 [INFO] Sent chunk 807. Total sent: 847249408/3022387508 bytes
2026-07-15 14:33:35,510 [INFO] Sent chunk 808. Total sent: 848297984/3022387508 bytes
2026-07-15 14:33:35,518 [INFO] Sent chunk 809. Total sent: 849346560/3022387508 bytes
2026-07-15 14:33:35,568 [INFO] Sent chunk 810. Total sent: 850395136/3022387508 bytes
2026-07-15 14:33:35,609 [INFO] Sent chunk 811. Total sent: 851443712/3022387508 bytes
2026-07-15 14:33:35,681 [INFO] Sent chunk 812. Total sent: 852492288/3022387508 bytes
2026-07-15 14:33:35,719 [INFO] Sent chunk 813. Total sent: 853540864/3022387508 bytes
2026-07-15 14:33:35,825 [INFO] Sent chunk 814. Total sent: 854589440/3022387508 bytes
2026-07-15 14:33:35,831 [INFO] Sent chunk 815. Total sent: 855638016/3022387508 bytes
2026-07-15 14:33:35,833 [INFO] Sent chunk 816. Total sent: 856686592/3022387508 bytes
2026-07-15 14:33:35,865 [INFO] Sent chunk 817. Total sent: 857735168/3022387508 bytes
2026-07-15 14:33:35,911 [INFO] Sent chunk 818. Total sent: 858783744/3022387508 bytes
2026-07-15 14:33:35,940 [INFO] Sent chunk 819. Total sent: 859832320/3022387508 bytes
2026-07-15 14:33:36,040 [INFO] Sent chunk 820. Total sent: 860880896/3022387508 bytes
2026-07-15 14:33:36,064 [INFO] Sent chunk 821. Total sent: 861929472/3022387508 bytes
2026-07-15 14:33:36,086 [INFO] Sent chunk 822. Total sent: 862978048/3022387508 bytes
2026-07-15 14:33:36,165 [INFO] Sent chunk 823. Total sent: 864026624/3022387508 bytes
2026-07-15 14:33:36,169 [INFO] Sent chunk 824. Total sent: 865075200/3022387508 bytes
2026-07-15 14:33:36,218 [INFO] Sent chunk 825. Total sent: 866123776/3022387508 bytes
2026-07-15 14:33:36,249 [INFO] Sent chunk 826. Total sent: 867172352/3022387508 bytes
2026-07-15 14:33:36,315 [INFO] Sent chunk 827. Total sent: 868220928/3022387508 bytes
2026-07-15 14:33:36,319 [INFO] Sent chunk 828. Total sent: 869269504/3022387508 bytes
2026-07-15 14:33:36,421 [INFO] Sent chunk 829. Total sent: 870318080/3022387508 bytes
2026-07-15 14:33:36,457 [INFO] Sent chunk 830. Total sent: 871366656/3022387508 bytes
2026-07-15 14:33:36,461 [INFO] Sent chunk 831. Total sent: 872415232/3022387508 bytes
2026-07-15 14:33:36,503 [INFO] Sent chunk 832. Total sent: 873463808/3022387508 bytes
2026-07-15 14:33:36,542 [INFO] Sent chunk 833. Total sent: 874512384/3022387508 bytes
2026-07-15 14:33:36,602 [INFO] Sent chunk 834. Total sent: 875560960/3022387508 bytes
2026-07-15 14:33:36,643 [INFO] Sent chunk 835. Total sent: 876609536/3022387508 bytes
2026-07-15 14:33:36,665 [INFO] Sent chunk 836. Total sent: 877658112/3022387508 bytes
2026-07-15 14:33:36,676 [INFO] Sent chunk 837. Total sent: 878706688/3022387508 bytes
2026-07-15 14:33:36,747 [INFO] Sent chunk 838. Total sent: 879755264/3022387508 bytes
2026-07-15 14:33:36,782 [INFO] Sent chunk 839. Total sent: 880803840/3022387508 bytes
2026-07-15 14:33:36,852 [INFO] Sent chunk 840. Total sent: 881852416/3022387508 bytes
2026-07-15 14:33:36,879 [INFO] Sent chunk 841. Total sent: 882900992/3022387508 bytes
2026-07-15 14:33:36,916 [INFO] Sent chunk 842. Total sent: 883949568/3022387508 bytes
2026-07-15 14:33:36,946 [INFO] Sent chunk 843. Total sent: 884998144/3022387508 bytes
2026-07-15 14:33:37,039 [INFO] Sent chunk 844. Total sent: 886046720/3022387508 bytes
2026-07-15 14:33:37,061 [INFO] Sent chunk 845. Total sent: 887095296/3022387508 bytes
2026-07-15 14:33:37,135 [INFO] Sent chunk 846. Total sent: 888143872/3022387508 bytes
2026-07-15 14:33:37,139 [INFO] Sent chunk 847. Total sent: 889192448/3022387508 bytes
2026-07-15 14:33:37,155 [INFO] Sent chunk 848. Total sent: 890241024/3022387508 bytes
2026-07-15 14:33:37,181 [INFO] Sent chunk 849. Total sent: 891289600/3022387508 bytes
2026-07-15 14:33:37,244 [INFO] Sent chunk 850. Total sent: 892338176/3022387508 bytes
2026-07-15 14:33:37,255 [INFO] Sent chunk 851. Total sent: 893386752/3022387508 bytes
2026-07-15 14:33:37,342 [INFO] Sent chunk 852. Total sent: 894435328/3022387508 bytes
2026-07-15 14:33:37,404 [INFO] Sent chunk 853. Total sent: 895483904/3022387508 bytes
2026-07-15 14:33:37,410 [INFO] Sent chunk 854. Total sent: 896532480/3022387508 bytes
2026-07-15 14:33:37,431 [INFO] Sent chunk 855. Total sent: 897581056/3022387508 bytes
2026-07-15 14:33:37,480 [INFO] Sent chunk 856. Total sent: 898629632/3022387508 bytes
2026-07-15 14:33:37,559 [INFO] Sent chunk 857. Total sent: 899678208/3022387508 bytes
2026-07-15 14:33:37,594 [INFO] Sent chunk 858. Total sent: 900726784/3022387508 bytes
2026-07-15 14:33:37,628 [INFO] Sent chunk 859. Total sent: 901775360/3022387508 bytes
2026-07-15 14:33:37,678 [INFO] Sent chunk 860. Total sent: 902823936/3022387508 bytes
2026-07-15 14:33:37,704 [INFO] Sent chunk 861. Total sent: 903872512/3022387508 bytes
2026-07-15 14:33:37,766 [INFO] Sent chunk 862. Total sent: 904921088/3022387508 bytes
2026-07-15 14:33:37,770 [INFO] Sent chunk 863. Total sent: 905969664/3022387508 bytes
2026-07-15 14:33:37,812 [INFO] Sent chunk 864. Total sent: 907018240/3022387508 bytes
2026-07-15 14:33:37,909 [INFO] Sent chunk 865. Total sent: 908066816/3022387508 bytes
2026-07-15 14:33:37,915 [INFO] Sent chunk 866. Total sent: 909115392/3022387508 bytes
2026-07-15 14:33:37,922 [INFO] Sent chunk 867. Total sent: 910163968/3022387508 bytes
2026-07-15 14:33:37,952 [INFO] Sent chunk 868. Total sent: 911212544/3022387508 bytes
2026-07-15 14:33:38,079 [INFO] Sent chunk 869. Total sent: 912261120/3022387508 bytes
2026-07-15 14:33:38,106 [INFO] Sent chunk 870. Total sent: 913309696/3022387508 bytes
2026-07-15 14:33:38,159 [INFO] Sent chunk 871. Total sent: 914358272/3022387508 bytes
2026-07-15 14:33:38,193 [INFO] Sent chunk 872. Total sent: 915406848/3022387508 bytes
2026-07-15 14:33:38,231 [INFO] Sent chunk 873. Total sent: 916455424/3022387508 bytes
2026-07-15 14:33:38,300 [INFO] Sent chunk 874. Total sent: 917504000/3022387508 bytes
2026-07-15 14:33:38,305 [INFO] Sent chunk 875. Total sent: 918552576/3022387508 bytes
2026-07-15 14:33:38,315 [INFO] Sent chunk 876. Total sent: 919601152/3022387508 bytes
2026-07-15 14:33:38,348 [INFO] Sent chunk 877. Total sent: 920649728/3022387508 bytes
2026-07-15 14:33:38,398 [INFO] Sent chunk 878. Total sent: 921698304/3022387508 bytes
2026-07-15 14:33:38,446 [INFO] Sent chunk 879. Total sent: 922746880/3022387508 bytes
2026-07-15 14:33:38,507 [INFO] Sent chunk 880. Total sent: 923795456/3022387508 bytes
2026-07-15 14:33:38,527 [INFO] Sent chunk 881. Total sent: 924844032/3022387508 bytes
2026-07-15 14:33:38,606 [INFO] Sent chunk 882. Total sent: 925892608/3022387508 bytes
2026-07-15 14:33:38,632 [INFO] Sent chunk 883. Total sent: 926941184/3022387508 bytes
2026-07-15 14:33:38,637 [INFO] Sent chunk 884. Total sent: 927989760/3022387508 bytes
2026-07-15 14:33:38,640 [INFO] Sent chunk 885. Total sent: 929038336/3022387508 bytes
2026-07-15 14:33:38,745 [INFO] Sent chunk 886. Total sent: 930086912/3022387508 bytes
2026-07-15 14:33:38,750 [INFO] Sent chunk 887. Total sent: 931135488/3022387508 bytes
2026-07-15 14:33:38,799 [INFO] Sent chunk 888. Total sent: 932184064/3022387508 bytes
2026-07-15 14:33:38,833 [INFO] Sent chunk 889. Total sent: 933232640/3022387508 bytes
2026-07-15 14:33:38,915 [INFO] Sent chunk 890. Total sent: 934281216/3022387508 bytes
2026-07-15 14:33:38,942 [INFO] Sent chunk 891. Total sent: 935329792/3022387508 bytes
2026-07-15 14:33:38,950 [INFO] Sent chunk 892. Total sent: 936378368/3022387508 bytes
2026-07-15 14:33:38,993 [INFO] Sent chunk 893. Total sent: 937426944/3022387508 bytes
2026-07-15 14:33:39,101 [INFO] Sent chunk 894. Total sent: 938475520/3022387508 bytes
2026-07-15 14:33:39,106 [INFO] Sent chunk 895. Total sent: 939524096/3022387508 bytes
2026-07-15 14:33:39,110 [INFO] Sent chunk 896. Total sent: 940572672/3022387508 bytes
2026-07-15 14:33:39,127 [INFO] Sent chunk 897. Total sent: 941621248/3022387508 bytes
2026-07-15 14:33:39,178 [INFO] Sent chunk 898. Total sent: 942669824/3022387508 bytes
2026-07-15 14:33:39,212 [INFO] Sent chunk 899. Total sent: 943718400/3022387508 bytes
2026-07-15 14:33:39,221 [INFO] Sent chunk 900. Total sent: 944766976/3022387508 bytes
2026-07-15 14:33:39,289 [INFO] Sent chunk 901. Total sent: 945815552/3022387508 bytes
2026-07-15 14:33:39,304 [INFO] Sent chunk 902. Total sent: 946864128/3022387508 bytes
2026-07-15 14:33:39,354 [INFO] Sent chunk 903. Total sent: 947912704/3022387508 bytes
2026-07-15 14:33:39,412 [INFO] Sent chunk 904. Total sent: 948961280/3022387508 bytes
2026-07-15 14:33:39,422 [INFO] Sent chunk 905. Total sent: 950009856/3022387508 bytes
2026-07-15 14:33:39,474 [INFO] Sent chunk 906. Total sent: 951058432/3022387508 bytes
2026-07-15 14:33:39,539 [INFO] Sent chunk 907. Total sent: 952107008/3022387508 bytes
2026-07-15 14:33:39,560 [INFO] Sent chunk 908. Total sent: 953155584/3022387508 bytes
2026-07-15 14:33:39,565 [INFO] Sent chunk 909. Total sent: 954204160/3022387508 bytes
2026-07-15 14:33:39,650 [INFO] Sent chunk 910. Total sent: 955252736/3022387508 bytes
2026-07-15 14:33:39,654 [INFO] Sent chunk 911. Total sent: 956301312/3022387508 bytes
2026-07-15 14:33:39,657 [INFO] Sent chunk 912. Total sent: 957349888/3022387508 bytes
2026-07-15 14:33:39,712 [INFO] Sent chunk 913. Total sent: 958398464/3022387508 bytes
2026-07-15 14:33:39,773 [INFO] Sent chunk 914. Total sent: 959447040/3022387508 bytes
2026-07-15 14:33:39,805 [INFO] Sent chunk 915. Total sent: 960495616/3022387508 bytes
2026-07-15 14:33:39,814 [INFO] Sent chunk 916. Total sent: 961544192/3022387508 bytes
2026-07-15 14:33:39,881 [INFO] Sent chunk 917. Total sent: 962592768/3022387508 bytes
2026-07-15 14:33:39,904 [INFO] Sent chunk 918. Total sent: 963641344/3022387508 bytes
2026-07-15 14:33:39,923 [INFO] Sent chunk 919. Total sent: 964689920/3022387508 bytes
2026-07-15 14:33:39,991 [INFO] Sent chunk 920. Total sent: 965738496/3022387508 bytes
2026-07-15 14:33:39,999 [INFO] Sent chunk 921. Total sent: 966787072/3022387508 bytes
2026-07-15 14:33:40,002 [INFO] Sent chunk 922. Total sent: 967835648/3022387508 bytes
2026-07-15 14:33:40,031 [INFO] Sent chunk 923. Total sent: 968884224/3022387508 bytes
2026-07-15 14:33:40,076 [INFO] Sent chunk 924. Total sent: 969932800/3022387508 bytes
2026-07-15 14:33:40,115 [INFO] Sent chunk 925. Total sent: 970981376/3022387508 bytes
2026-07-15 14:33:40,188 [INFO] Sent chunk 926. Total sent: 972029952/3022387508 bytes
2026-07-15 14:33:40,234 [INFO] Sent chunk 927. Total sent: 973078528/3022387508 bytes
2026-07-15 14:33:40,238 [INFO] Sent chunk 928. Total sent: 974127104/3022387508 bytes
2026-07-15 14:33:40,276 [INFO] Sent chunk 929. Total sent: 975175680/3022387508 bytes
2026-07-15 14:33:40,324 [INFO] Sent chunk 930. Total sent: 976224256/3022387508 bytes
2026-07-15 14:33:40,344 [INFO] Sent chunk 931. Total sent: 977272832/3022387508 bytes
2026-07-15 14:33:40,349 [INFO] Sent chunk 932. Total sent: 978321408/3022387508 bytes
2026-07-15 14:33:40,389 [INFO] Sent chunk 933. Total sent: 979369984/3022387508 bytes
2026-07-15 14:33:40,486 [INFO] Sent chunk 934. Total sent: 980418560/3022387508 bytes
2026-07-15 14:33:40,494 [INFO] Sent chunk 935. Total sent: 981467136/3022387508 bytes
2026-07-15 14:33:40,552 [INFO] Sent chunk 936. Total sent: 982515712/3022387508 bytes
2026-07-15 14:33:40,556 [INFO] Sent chunk 937. Total sent: 983564288/3022387508 bytes
2026-07-15 14:33:40,584 [INFO] Sent chunk 938. Total sent: 984612864/3022387508 bytes
2026-07-15 14:33:40,658 [INFO] Sent chunk 939. Total sent: 985661440/3022387508 bytes
2026-07-15 14:33:40,663 [INFO] Sent chunk 940. Total sent: 986710016/3022387508 bytes
2026-07-15 14:33:40,672 [INFO] Sent chunk 941. Total sent: 987758592/3022387508 bytes
2026-07-15 14:33:40,752 [INFO] Sent chunk 942. Total sent: 988807168/3022387508 bytes
2026-07-15 14:33:40,787 [INFO] Sent chunk 943. Total sent: 989855744/3022387508 bytes
2026-07-15 14:33:40,811 [INFO] Sent chunk 944. Total sent: 990904320/3022387508 bytes
2026-07-15 14:33:40,815 [INFO] Sent chunk 945. Total sent: 991952896/3022387508 bytes
2026-07-15 14:33:40,889 [INFO] Sent chunk 946. Total sent: 993001472/3022387508 bytes
2026-07-15 14:33:40,917 [INFO] Sent chunk 947. Total sent: 994050048/3022387508 bytes
2026-07-15 14:33:40,943 [INFO] Sent chunk 948. Total sent: 995098624/3022387508 bytes
2026-07-15 14:33:40,967 [INFO] Sent chunk 949. Total sent: 996147200/3022387508 bytes
2026-07-15 14:33:40,992 [INFO] Sent chunk 950. Total sent: 997195776/3022387508 bytes
2026-07-15 14:33:41,079 [INFO] Sent chunk 951. Total sent: 998244352/3022387508 bytes
2026-07-15 14:33:41,122 [INFO] Sent chunk 952. Total sent: 999292928/3022387508 bytes
2026-07-15 14:33:41,149 [INFO] Sent chunk 953. Total sent: 1000341504/3022387508 bytes
2026-07-15 14:33:41,194 [INFO] Sent chunk 954. Total sent: 1001390080/3022387508 bytes
2026-07-15 14:33:41,218 [INFO] Sent chunk 955. Total sent: 1002438656/3022387508 bytes
2026-07-15 14:33:41,241 [INFO] Sent chunk 956. Total sent: 1003487232/3022387508 bytes
2026-07-15 14:33:41,306 [INFO] Sent chunk 957. Total sent: 1004535808/3022387508 bytes
2026-07-15 14:33:41,311 [INFO] Sent chunk 958. Total sent: 1005584384/3022387508 bytes
2026-07-15 14:33:41,315 [INFO] Sent chunk 959. Total sent: 1006632960/3022387508 bytes
2026-07-15 14:33:41,405 [INFO] Sent chunk 960. Total sent: 1007681536/3022387508 bytes
2026-07-15 14:33:41,411 [INFO] Sent chunk 961. Total sent: 1008730112/3022387508 bytes
2026-07-15 14:33:41,416 [INFO] Sent chunk 962. Total sent: 1009778688/3022387508 bytes
2026-07-15 14:33:41,504 [INFO] Sent chunk 963. Total sent: 1010827264/3022387508 bytes
2026-07-15 14:33:41,509 [INFO] Sent chunk 964. Total sent: 1011875840/3022387508 bytes
2026-07-15 14:33:41,572 [INFO] Sent chunk 965. Total sent: 1012924416/3022387508 bytes
2026-07-15 14:33:41,586 [INFO] Sent chunk 966. Total sent: 1013972992/3022387508 bytes
2026-07-15 14:33:41,611 [INFO] Sent chunk 967. Total sent: 1015021568/3022387508 bytes
2026-07-15 14:33:41,629 [INFO] Sent chunk 968. Total sent: 1016070144/3022387508 bytes
2026-07-15 14:33:41,724 [INFO] Sent chunk 969. Total sent: 1017118720/3022387508 bytes
2026-07-15 14:33:41,740 [INFO] Sent chunk 970. Total sent: 1018167296/3022387508 bytes
2026-07-15 14:33:41,745 [INFO] Sent chunk 971. Total sent: 1019215872/3022387508 bytes
2026-07-15 14:33:41,799 [INFO] Sent chunk 972. Total sent: 1020264448/3022387508 bytes
2026-07-15 14:33:41,871 [INFO] Sent chunk 973. Total sent: 1021313024/3022387508 bytes
2026-07-15 14:33:41,877 [INFO] Sent chunk 974. Total sent: 1022361600/3022387508 bytes
2026-07-15 14:33:41,886 [INFO] Sent chunk 975. Total sent: 1023410176/3022387508 bytes
2026-07-15 14:33:42,013 [INFO] Sent chunk 976. Total sent: 1024458752/3022387508 bytes
2026-07-15 14:33:42,072 [INFO] Sent chunk 977. Total sent: 1025507328/3022387508 bytes
2026-07-15 14:33:42,110 [INFO] Sent chunk 978. Total sent: 1026555904/3022387508 bytes
2026-07-15 14:33:42,130 [INFO] Sent chunk 979. Total sent: 1027604480/3022387508 bytes
2026-07-15 14:33:42,147 [INFO] Sent chunk 980. Total sent: 1028653056/3022387508 bytes
2026-07-15 14:33:42,176 [INFO] Sent chunk 981. Total sent: 1029701632/3022387508 bytes
2026-07-15 14:33:42,225 [INFO] Sent chunk 982. Total sent: 1030750208/3022387508 bytes
2026-07-15 14:33:42,274 [INFO] Sent chunk 983. Total sent: 1031798784/3022387508 bytes
2026-07-15 14:33:42,301 [INFO] Sent chunk 984. Total sent: 1032847360/3022387508 bytes
2026-07-15 14:33:42,345 [INFO] Sent chunk 985. Total sent: 1033895936/3022387508 bytes
2026-07-15 14:33:42,420 [INFO] Sent chunk 986. Total sent: 1034944512/3022387508 bytes
2026-07-15 14:33:42,431 [INFO] Sent chunk 987. Total sent: 1035993088/3022387508 bytes
2026-07-15 14:33:42,471 [INFO] Sent chunk 988. Total sent: 1037041664/3022387508 bytes
2026-07-15 14:33:42,515 [INFO] Sent chunk 989. Total sent: 1038090240/3022387508 bytes
2026-07-15 14:33:42,548 [INFO] Sent chunk 990. Total sent: 1039138816/3022387508 bytes
2026-07-15 14:33:42,584 [INFO] Sent chunk 991. Total sent: 1040187392/3022387508 bytes
2026-07-15 14:33:42,626 [INFO] Sent chunk 992. Total sent: 1041235968/3022387508 bytes
2026-07-15 14:33:42,672 [INFO] Sent chunk 993. Total sent: 1042284544/3022387508 bytes
2026-07-15 14:33:42,692 [INFO] Sent chunk 994. Total sent: 1043333120/3022387508 bytes
2026-07-15 14:33:42,759 [INFO] Sent chunk 995. Total sent: 1044381696/3022387508 bytes
2026-07-15 14:33:42,810 [INFO] Sent chunk 996. Total sent: 1045430272/3022387508 bytes
2026-07-15 14:33:42,831 [INFO] Sent chunk 997. Total sent: 1046478848/3022387508 bytes
2026-07-15 14:33:42,960 [INFO] Sent chunk 998. Total sent: 1047527424/3022387508 bytes
2026-07-15 14:33:42,964 [INFO] Sent chunk 999. Total sent: 1048576000/3022387508 bytes
2026-07-15 14:33:43,004 [INFO] Sent chunk 1000. Total sent: 1049624576/3022387508 bytes
2026-07-15 14:33:43,016 [INFO] Sent chunk 1001. Total sent: 1050673152/3022387508 bytes
2026-07-15 14:33:43,064 [INFO] Sent chunk 1002. Total sent: 1051721728/3022387508 bytes
2026-07-15 14:33:43,124 [INFO] Sent chunk 1003. Total sent: 1052770304/3022387508 bytes
2026-07-15 14:33:43,135 [INFO] Sent chunk 1004. Total sent: 1053818880/3022387508 bytes
2026-07-15 14:33:43,158 [INFO] Sent chunk 1005. Total sent: 1054867456/3022387508 bytes
2026-07-15 14:33:43,277 [INFO] Sent chunk 1006. Total sent: 1055916032/3022387508 bytes
2026-07-15 14:33:43,282 [INFO] Sent chunk 1007. Total sent: 1056964608/3022387508 bytes
2026-07-15 14:33:43,314 [INFO] Sent chunk 1008. Total sent: 1058013184/3022387508 bytes
2026-07-15 14:33:43,409 [INFO] Sent chunk 1009. Total sent: 1059061760/3022387508 bytes
2026-07-15 14:33:43,414 [INFO] Sent chunk 1010. Total sent: 1060110336/3022387508 bytes
2026-07-15 14:33:43,474 [INFO] Sent chunk 1011. Total sent: 1061158912/3022387508 bytes
2026-07-15 14:33:43,515 [INFO] Sent chunk 1012. Total sent: 1062207488/3022387508 bytes
2026-07-15 14:33:43,519 [INFO] Sent chunk 1013. Total sent: 1063256064/3022387508 bytes
2026-07-15 14:33:43,549 [INFO] Sent chunk 1014. Total sent: 1064304640/3022387508 bytes
2026-07-15 14:33:43,641 [INFO] Sent chunk 1015. Total sent: 1065353216/3022387508 bytes
2026-07-15 14:33:43,682 [INFO] Sent chunk 1016. Total sent: 1066401792/3022387508 bytes
2026-07-15 14:33:43,686 [INFO] Sent chunk 1017. Total sent: 1067450368/3022387508 bytes
2026-07-15 14:33:43,691 [INFO] Sent chunk 1018. Total sent: 1068498944/3022387508 bytes
2026-07-15 14:33:43,763 [INFO] Sent chunk 1019. Total sent: 1069547520/3022387508 bytes
2026-07-15 14:33:43,776 [INFO] Sent chunk 1020. Total sent: 1070596096/3022387508 bytes
2026-07-15 14:33:43,803 [INFO] Sent chunk 1021. Total sent: 1071644672/3022387508 bytes
2026-07-15 14:33:43,871 [INFO] Sent chunk 1022. Total sent: 1072693248/3022387508 bytes
2026-07-15 14:33:43,906 [INFO] Sent chunk 1023. Total sent: 1073741824/3022387508 bytes
2026-07-15 14:33:43,915 [INFO] Sent chunk 1024. Total sent: 1074790400/3022387508 bytes
2026-07-15 14:33:43,949 [INFO] Sent chunk 1025. Total sent: 1075838976/3022387508 bytes
2026-07-15 14:33:43,977 [INFO] Sent chunk 1026. Total sent: 1076887552/3022387508 bytes
2026-07-15 14:33:44,014 [INFO] Sent chunk 1027. Total sent: 1077936128/3022387508 bytes
2026-07-15 14:33:44,074 [INFO] Sent chunk 1028. Total sent: 1078984704/3022387508 bytes
2026-07-15 14:33:44,132 [INFO] Sent chunk 1029. Total sent: 1080033280/3022387508 bytes
2026-07-15 14:33:44,212 [INFO] Sent chunk 1030. Total sent: 1081081856/3022387508 bytes
2026-07-15 14:33:44,232 [INFO] Sent chunk 1031. Total sent: 1082130432/3022387508 bytes
2026-07-15 14:33:44,296 [INFO] Sent chunk 1032. Total sent: 1083179008/3022387508 bytes
2026-07-15 14:33:44,361 [INFO] Sent chunk 1033. Total sent: 1084227584/3022387508 bytes
2026-07-15 14:33:44,370 [INFO] Sent chunk 1034. Total sent: 1085276160/3022387508 bytes
2026-07-15 14:33:44,374 [INFO] Sent chunk 1035. Total sent: 1086324736/3022387508 bytes
2026-07-15 14:33:44,429 [INFO] Sent chunk 1036. Total sent: 1087373312/3022387508 bytes
2026-07-15 14:33:44,590 [INFO] Sent chunk 1037. Total sent: 1088421888/3022387508 bytes
2026-07-15 14:33:44,594 [INFO] Sent chunk 1038. Total sent: 1089470464/3022387508 bytes
2026-07-15 14:33:44,600 [INFO] Sent chunk 1039. Total sent: 1090519040/3022387508 bytes
2026-07-15 14:33:44,690 [INFO] Sent chunk 1040. Total sent: 1091567616/3022387508 bytes
2026-07-15 14:33:44,771 [INFO] Sent chunk 1041. Total sent: 1092616192/3022387508 bytes
2026-07-15 14:33:44,793 [INFO] Sent chunk 1042. Total sent: 1093664768/3022387508 bytes
2026-07-15 14:33:44,829 [INFO] Sent chunk 1043. Total sent: 1094713344/3022387508 bytes
2026-07-15 14:33:44,862 [INFO] Sent chunk 1044. Total sent: 1095761920/3022387508 bytes
2026-07-15 14:33:44,916 [INFO] Sent chunk 1045. Total sent: 1096810496/3022387508 bytes
2026-07-15 14:33:44,983 [INFO] Sent chunk 1046. Total sent: 1097859072/3022387508 bytes
2026-07-15 14:33:44,989 [INFO] Sent chunk 1047. Total sent: 1098907648/3022387508 bytes
2026-07-15 14:33:45,017 [INFO] Sent chunk 1048. Total sent: 1099956224/3022387508 bytes
2026-07-15 14:33:45,072 [INFO] Sent chunk 1049. Total sent: 1101004800/3022387508 bytes
2026-07-15 14:33:45,081 [INFO] Sent chunk 1050. Total sent: 1102053376/3022387508 bytes
2026-07-15 14:33:45,092 [INFO] Sent chunk 1051. Total sent: 1103101952/3022387508 bytes
2026-07-15 14:33:45,126 [INFO] Sent chunk 1052. Total sent: 1104150528/3022387508 bytes
2026-07-15 14:33:45,239 [INFO] Sent chunk 1053. Total sent: 1105199104/3022387508 bytes
2026-07-15 14:33:45,277 [INFO] Sent chunk 1054. Total sent: 1106247680/3022387508 bytes
2026-07-15 14:33:45,376 [INFO] Sent chunk 1055. Total sent: 1107296256/3022387508 bytes
2026-07-15 14:33:45,380 [INFO] Sent chunk 1056. Total sent: 1108344832/3022387508 bytes
2026-07-15 14:33:45,416 [INFO] Sent chunk 1057. Total sent: 1109393408/3022387508 bytes
2026-07-15 14:33:45,459 [INFO] Sent chunk 1058. Total sent: 1110441984/3022387508 bytes
2026-07-15 14:33:45,464 [INFO] Sent chunk 1059. Total sent: 1111490560/3022387508 bytes
2026-07-15 14:33:45,600 [INFO] Sent chunk 1060. Total sent: 1112539136/3022387508 bytes
2026-07-15 14:33:45,666 [INFO] Sent chunk 1061. Total sent: 1113587712/3022387508 bytes
2026-07-15 14:33:45,725 [INFO] Sent chunk 1062. Total sent: 1114636288/3022387508 bytes
2026-07-15 14:33:45,731 [INFO] Sent chunk 1063. Total sent: 1115684864/3022387508 bytes
2026-07-15 14:33:45,829 [INFO] Sent chunk 1064. Total sent: 1116733440/3022387508 bytes
2026-07-15 14:33:45,834 [INFO] Sent chunk 1065. Total sent: 1117782016/3022387508 bytes
2026-07-15 14:33:45,838 [INFO] Sent chunk 1066. Total sent: 1118830592/3022387508 bytes
2026-07-15 14:33:45,907 [INFO] Sent chunk 1067. Total sent: 1119879168/3022387508 bytes
2026-07-15 14:33:45,957 [INFO] Sent chunk 1068. Total sent: 1120927744/3022387508 bytes
2026-07-15 14:33:45,990 [INFO] Sent chunk 1069. Total sent: 1121976320/3022387508 bytes
2026-07-15 14:33:46,089 [INFO] Sent chunk 1070. Total sent: 1123024896/3022387508 bytes
2026-07-15 14:33:46,181 [INFO] Sent chunk 1071. Total sent: 1124073472/3022387508 bytes
2026-07-15 14:33:46,183 [INFO] Sent chunk 1072. Total sent: 1125122048/3022387508 bytes
2026-07-15 14:33:46,186 [INFO] Sent chunk 1073. Total sent: 1126170624/3022387508 bytes
2026-07-15 14:33:46,341 [INFO] Sent chunk 1074. Total sent: 1127219200/3022387508 bytes
2026-07-15 14:33:46,431 [INFO] Sent chunk 1075. Total sent: 1128267776/3022387508 bytes
2026-07-15 14:33:46,480 [INFO] Sent chunk 1076. Total sent: 1129316352/3022387508 bytes
2026-07-15 14:33:46,563 [INFO] Sent chunk 1077. Total sent: 1130364928/3022387508 bytes
2026-07-15 14:33:46,615 [INFO] Sent chunk 1078. Total sent: 1131413504/3022387508 bytes
2026-07-15 14:33:46,619 [INFO] Sent chunk 1079. Total sent: 1132462080/3022387508 bytes
2026-07-15 14:33:46,691 [INFO] Sent chunk 1080. Total sent: 1133510656/3022387508 bytes
2026-07-15 14:33:46,765 [INFO] Sent chunk 1081. Total sent: 1134559232/3022387508 bytes
2026-07-15 14:33:46,842 [INFO] Sent chunk 1082. Total sent: 1135607808/3022387508 bytes
2026-07-15 14:33:46,881 [INFO] Sent chunk 1083. Total sent: 1136656384/3022387508 bytes
2026-07-15 14:33:46,978 [INFO] Sent chunk 1084. Total sent: 1137704960/3022387508 bytes
2026-07-15 14:33:47,035 [INFO] Sent chunk 1085. Total sent: 1138753536/3022387508 bytes
2026-07-15 14:33:47,051 [INFO] Sent chunk 1086. Total sent: 1139802112/3022387508 bytes
2026-07-15 14:33:47,075 [INFO] Sent chunk 1087. Total sent: 1140850688/3022387508 bytes
2026-07-15 14:33:47,170 [INFO] Sent chunk 1088. Total sent: 1141899264/3022387508 bytes
2026-07-15 14:33:47,192 [INFO] Sent chunk 1089. Total sent: 1142947840/3022387508 bytes
2026-07-15 14:33:47,424 [INFO] Sent chunk 1090. Total sent: 1143996416/3022387508 bytes
2026-07-15 14:33:47,429 [INFO] Sent chunk 1091. Total sent: 1145044992/3022387508 bytes
2026-07-15 14:33:47,543 [INFO] Sent chunk 1092. Total sent: 1146093568/3022387508 bytes
2026-07-15 14:33:47,548 [INFO] Sent chunk 1093. Total sent: 1147142144/3022387508 bytes
2026-07-15 14:33:47,552 [INFO] Sent chunk 1094. Total sent: 1148190720/3022387508 bytes
2026-07-15 14:33:47,580 [INFO] Sent chunk 1095. Total sent: 1149239296/3022387508 bytes
2026-07-15 14:33:47,714 [INFO] Sent chunk 1096. Total sent: 1150287872/3022387508 bytes
2026-07-15 14:33:47,718 [INFO] Sent chunk 1097. Total sent: 1151336448/3022387508 bytes
2026-07-15 14:33:47,723 [INFO] Sent chunk 1098. Total sent: 1152385024/3022387508 bytes
2026-07-15 14:33:47,742 [INFO] Sent chunk 1099. Total sent: 1153433600/3022387508 bytes
2026-07-15 14:33:47,794 [INFO] Sent chunk 1100. Total sent: 1154482176/3022387508 bytes
2026-07-15 14:33:47,858 [INFO] Sent chunk 1101. Total sent: 1155530752/3022387508 bytes
2026-07-15 14:33:47,954 [INFO] Sent chunk 1102. Total sent: 1156579328/3022387508 bytes
2026-07-15 14:33:47,963 [INFO] Sent chunk 1103. Total sent: 1157627904/3022387508 bytes
2026-07-15 14:33:48,090 [INFO] Sent chunk 1104. Total sent: 1158676480/3022387508 bytes
2026-07-15 14:33:48,143 [INFO] Sent chunk 1105. Total sent: 1159725056/3022387508 bytes
2026-07-15 14:33:48,170 [INFO] Sent chunk 1106. Total sent: 1160773632/3022387508 bytes
2026-07-15 14:33:48,231 [INFO] Sent chunk 1107. Total sent: 1161822208/3022387508 bytes
2026-07-15 14:33:48,292 [INFO] Sent chunk 1108. Total sent: 1162870784/3022387508 bytes
2026-07-15 14:33:48,334 [INFO] Sent chunk 1109. Total sent: 1163919360/3022387508 bytes
2026-07-15 14:33:48,338 [INFO] Sent chunk 1110. Total sent: 1164967936/3022387508 bytes
2026-07-15 14:33:48,384 [INFO] Sent chunk 1111. Total sent: 1166016512/3022387508 bytes
2026-07-15 14:33:48,443 [INFO] Sent chunk 1112. Total sent: 1167065088/3022387508 bytes
2026-07-15 14:33:48,501 [INFO] Sent chunk 1113. Total sent: 1168113664/3022387508 bytes
2026-07-15 14:33:48,560 [INFO] Sent chunk 1114. Total sent: 1169162240/3022387508 bytes
2026-07-15 14:33:48,633 [INFO] Sent chunk 1115. Total sent: 1170210816/3022387508 bytes
2026-07-15 14:33:48,635 [INFO] Sent chunk 1116. Total sent: 1171259392/3022387508 bytes
2026-07-15 14:33:48,664 [INFO] Sent chunk 1117. Total sent: 1172307968/3022387508 bytes
2026-07-15 14:33:48,673 [INFO] Sent chunk 1118. Total sent: 1173356544/3022387508 bytes
2026-07-15 14:33:48,717 [INFO] Sent chunk 1119. Total sent: 1174405120/3022387508 bytes
2026-07-15 14:33:48,803 [INFO] Sent chunk 1120. Total sent: 1175453696/3022387508 bytes
2026-07-15 14:33:48,873 [INFO] Sent chunk 1121. Total sent: 1176502272/3022387508 bytes
2026-07-15 14:33:48,958 [INFO] Sent chunk 1122. Total sent: 1177550848/3022387508 bytes
2026-07-15 14:33:48,978 [INFO] Sent chunk 1123. Total sent: 1178599424/3022387508 bytes
2026-07-15 14:33:48,981 [INFO] Sent chunk 1124. Total sent: 1179648000/3022387508 bytes
2026-07-15 14:33:49,091 [INFO] Sent chunk 1125. Total sent: 1180696576/3022387508 bytes
2026-07-15 14:33:49,104 [INFO] Sent chunk 1126. Total sent: 1181745152/3022387508 bytes
2026-07-15 14:33:49,146 [INFO] Sent chunk 1127. Total sent: 1182793728/3022387508 bytes
2026-07-15 14:33:49,177 [INFO] Sent chunk 1128. Total sent: 1183842304/3022387508 bytes
2026-07-15 14:33:49,258 [INFO] Sent chunk 1129. Total sent: 1184890880/3022387508 bytes
2026-07-15 14:33:49,291 [INFO] Sent chunk 1130. Total sent: 1185939456/3022387508 bytes
2026-07-15 14:33:49,346 [INFO] Sent chunk 1131. Total sent: 1186988032/3022387508 bytes
2026-07-15 14:33:49,446 [INFO] Sent chunk 1132. Total sent: 1188036608/3022387508 bytes
2026-07-15 14:33:49,465 [INFO] Sent chunk 1133. Total sent: 1189085184/3022387508 bytes
2026-07-15 14:33:49,468 [INFO] Sent chunk 1134. Total sent: 1190133760/3022387508 bytes
2026-07-15 14:33:49,574 [INFO] Sent chunk 1135. Total sent: 1191182336/3022387508 bytes
2026-07-15 14:33:49,654 [INFO] Sent chunk 1136. Total sent: 1192230912/3022387508 bytes
2026-07-15 14:33:49,680 [INFO] Sent chunk 1137. Total sent: 1193279488/3022387508 bytes
2026-07-15 14:33:49,799 [INFO] Sent chunk 1138. Total sent: 1194328064/3022387508 bytes
2026-07-15 14:33:49,803 [INFO] Sent chunk 1139. Total sent: 1195376640/3022387508 bytes
2026-07-15 14:33:49,807 [INFO] Sent chunk 1140. Total sent: 1196425216/3022387508 bytes
2026-07-15 14:33:49,809 [INFO] Sent chunk 1141. Total sent: 1197473792/3022387508 bytes
2026-07-15 14:33:49,980 [INFO] Sent chunk 1142. Total sent: 1198522368/3022387508 bytes
2026-07-15 14:33:50,034 [INFO] Sent chunk 1143. Total sent: 1199570944/3022387508 bytes
2026-07-15 14:33:50,042 [INFO] Sent chunk 1144. Total sent: 1200619520/3022387508 bytes
2026-07-15 14:33:50,090 [INFO] Sent chunk 1145. Total sent: 1201668096/3022387508 bytes
2026-07-15 14:33:50,110 [INFO] Sent chunk 1146. Total sent: 1202716672/3022387508 bytes
2026-07-15 14:33:50,205 [INFO] Sent chunk 1147. Total sent: 1203765248/3022387508 bytes
2026-07-15 14:33:50,255 [INFO] Sent chunk 1148. Total sent: 1204813824/3022387508 bytes
2026-07-15 14:33:50,267 [INFO] Sent chunk 1149. Total sent: 1205862400/3022387508 bytes
2026-07-15 14:33:50,403 [INFO] Sent chunk 1150. Total sent: 1206910976/3022387508 bytes
2026-07-15 14:33:50,445 [INFO] Sent chunk 1151. Total sent: 1207959552/3022387508 bytes
2026-07-15 14:33:50,451 [INFO] Sent chunk 1152. Total sent: 1209008128/3022387508 bytes
2026-07-15 14:33:50,492 [INFO] Sent chunk 1153. Total sent: 1210056704/3022387508 bytes
2026-07-15 14:33:50,526 [INFO] Sent chunk 1154. Total sent: 1211105280/3022387508 bytes
2026-07-15 14:33:50,557 [INFO] Sent chunk 1155. Total sent: 1212153856/3022387508 bytes
2026-07-15 14:33:50,729 [INFO] Sent chunk 1156. Total sent: 1213202432/3022387508 bytes
2026-07-15 14:33:50,733 [INFO] Sent chunk 1157. Total sent: 1214251008/3022387508 bytes
2026-07-15 14:33:50,741 [INFO] Sent chunk 1158. Total sent: 1215299584/3022387508 bytes
2026-07-15 14:33:50,793 [INFO] Sent chunk 1159. Total sent: 1216348160/3022387508 bytes
2026-07-15 14:33:50,903 [INFO] Sent chunk 1160. Total sent: 1217396736/3022387508 bytes
2026-07-15 14:33:50,928 [INFO] Sent chunk 1161. Total sent: 1218445312/3022387508 bytes
2026-07-15 14:33:50,933 [INFO] Sent chunk 1162. Total sent: 1219493888/3022387508 bytes
2026-07-15 14:33:50,982 [INFO] Sent chunk 1163. Total sent: 1220542464/3022387508 bytes
2026-07-15 14:33:51,025 [INFO] Sent chunk 1164. Total sent: 1221591040/3022387508 bytes
2026-07-15 14:33:51,055 [INFO] Sent chunk 1165. Total sent: 1222639616/3022387508 bytes
2026-07-15 14:33:51,083 [INFO] Sent chunk 1166. Total sent: 1223688192/3022387508 bytes
2026-07-15 14:33:51,216 [INFO] Sent chunk 1167. Total sent: 1224736768/3022387508 bytes
2026-07-15 14:33:51,269 [INFO] Sent chunk 1168. Total sent: 1225785344/3022387508 bytes
2026-07-15 14:33:51,329 [INFO] Sent chunk 1169. Total sent: 1226833920/3022387508 bytes
2026-07-15 14:33:51,374 [INFO] Sent chunk 1170. Total sent: 1227882496/3022387508 bytes
2026-07-15 14:33:51,443 [INFO] Sent chunk 1171. Total sent: 1228931072/3022387508 bytes
2026-07-15 14:33:51,445 [INFO] Sent chunk 1172. Total sent: 1229979648/3022387508 bytes
2026-07-15 14:33:51,515 [INFO] Sent chunk 1173. Total sent: 1231028224/3022387508 bytes
2026-07-15 14:33:51,517 [INFO] Sent chunk 1174. Total sent: 1232076800/3022387508 bytes
2026-07-15 14:33:51,602 [INFO] Sent chunk 1175. Total sent: 1233125376/3022387508 bytes
2026-07-15 14:33:51,657 [INFO] Sent chunk 1176. Total sent: 1234173952/3022387508 bytes
2026-07-15 14:33:51,719 [INFO] Sent chunk 1177. Total sent: 1235222528/3022387508 bytes
2026-07-15 14:33:51,793 [INFO] Sent chunk 1178. Total sent: 1236271104/3022387508 bytes
2026-07-15 14:33:51,808 [INFO] Sent chunk 1179. Total sent: 1237319680/3022387508 bytes
2026-07-15 14:33:51,885 [INFO] Sent chunk 1180. Total sent: 1238368256/3022387508 bytes
2026-07-15 14:33:51,966 [INFO] Sent chunk 1181. Total sent: 1239416832/3022387508 bytes
2026-07-15 14:33:51,986 [INFO] Sent chunk 1182. Total sent: 1240465408/3022387508 bytes
2026-07-15 14:33:51,992 [INFO] Sent chunk 1183. Total sent: 1241513984/3022387508 bytes
2026-07-15 14:33:51,995 [INFO] Sent chunk 1184. Total sent: 1242562560/3022387508 bytes
2026-07-15 14:33:52,174 [INFO] Sent chunk 1185. Total sent: 1243611136/3022387508 bytes
2026-07-15 14:33:52,282 [INFO] Sent chunk 1186. Total sent: 1244659712/3022387508 bytes
2026-07-15 14:33:52,285 [INFO] Sent chunk 1187. Total sent: 1245708288/3022387508 bytes
2026-07-15 14:33:52,353 [INFO] Sent chunk 1188. Total sent: 1246756864/3022387508 bytes
2026-07-15 14:33:52,370 [INFO] Sent chunk 1189. Total sent: 1247805440/3022387508 bytes
2026-07-15 14:33:52,378 [INFO] Sent chunk 1190. Total sent: 1248854016/3022387508 bytes
2026-07-15 14:33:52,521 [INFO] Sent chunk 1191. Total sent: 1249902592/3022387508 bytes
2026-07-15 14:33:52,602 [INFO] Sent chunk 1192. Total sent: 1250951168/3022387508 bytes
2026-07-15 14:33:52,671 [INFO] Sent chunk 1193. Total sent: 1251999744/3022387508 bytes
2026-07-15 14:33:52,673 [INFO] Sent chunk 1194. Total sent: 1253048320/3022387508 bytes
2026-07-15 14:33:52,740 [INFO] Sent chunk 1195. Total sent: 1254096896/3022387508 bytes
2026-07-15 14:33:52,808 [INFO] Sent chunk 1196. Total sent: 1255145472/3022387508 bytes
2026-07-15 14:33:52,814 [INFO] Sent chunk 1197. Total sent: 1256194048/3022387508 bytes
2026-07-15 14:33:52,897 [INFO] Sent chunk 1198. Total sent: 1257242624/3022387508 bytes
2026-07-15 14:33:52,956 [INFO] Sent chunk 1199. Total sent: 1258291200/3022387508 bytes
2026-07-15 14:33:52,983 [INFO] Sent chunk 1200. Total sent: 1259339776/3022387508 bytes
2026-07-15 14:33:53,056 [INFO] Sent chunk 1201. Total sent: 1260388352/3022387508 bytes
2026-07-15 14:33:53,077 [INFO] Sent chunk 1202. Total sent: 1261436928/3022387508 bytes
2026-07-15 14:33:53,124 [INFO] Sent chunk 1203. Total sent: 1262485504/3022387508 bytes
2026-07-15 14:33:53,164 [INFO] Sent chunk 1204. Total sent: 1263534080/3022387508 bytes
2026-07-15 14:33:53,176 [INFO] Sent chunk 1205. Total sent: 1264582656/3022387508 bytes
2026-07-15 14:33:53,236 [INFO] Sent chunk 1206. Total sent: 1265631232/3022387508 bytes
2026-07-15 14:33:53,308 [INFO] Sent chunk 1207. Total sent: 1266679808/3022387508 bytes
2026-07-15 14:33:53,377 [INFO] Sent chunk 1208. Total sent: 1267728384/3022387508 bytes
2026-07-15 14:33:53,439 [INFO] Sent chunk 1209. Total sent: 1268776960/3022387508 bytes
2026-07-15 14:33:53,445 [INFO] Sent chunk 1210. Total sent: 1269825536/3022387508 bytes
2026-07-15 14:33:53,500 [INFO] Sent chunk 1211. Total sent: 1270874112/3022387508 bytes
2026-07-15 14:33:53,523 [INFO] Sent chunk 1212. Total sent: 1271922688/3022387508 bytes
2026-07-15 14:33:53,627 [INFO] Sent chunk 1213. Total sent: 1272971264/3022387508 bytes
2026-07-15 14:33:53,642 [INFO] Sent chunk 1214. Total sent: 1274019840/3022387508 bytes
2026-07-15 14:33:53,653 [INFO] Sent chunk 1215. Total sent: 1275068416/3022387508 bytes
2026-07-15 14:33:53,712 [INFO] Sent chunk 1216. Total sent: 1276116992/3022387508 bytes
2026-07-15 14:33:53,797 [INFO] Sent chunk 1217. Total sent: 1277165568/3022387508 bytes
2026-07-15 14:33:53,808 [INFO] Sent chunk 1218. Total sent: 1278214144/3022387508 bytes
2026-07-15 14:33:53,975 [INFO] Sent chunk 1219. Total sent: 1279262720/3022387508 bytes
2026-07-15 14:33:54,000 [INFO] Sent chunk 1220. Total sent: 1280311296/3022387508 bytes
2026-07-15 14:33:54,061 [INFO] Sent chunk 1221. Total sent: 1281359872/3022387508 bytes
2026-07-15 14:33:54,069 [INFO] Sent chunk 1222. Total sent: 1282408448/3022387508 bytes
2026-07-15 14:33:54,116 [INFO] Sent chunk 1223. Total sent: 1283457024/3022387508 bytes
2026-07-15 14:33:54,161 [INFO] Sent chunk 1224. Total sent: 1284505600/3022387508 bytes
2026-07-15 14:33:54,238 [INFO] Sent chunk 1225. Total sent: 1285554176/3022387508 bytes
2026-07-15 14:33:54,319 [INFO] Sent chunk 1226. Total sent: 1286602752/3022387508 bytes
2026-07-15 14:33:54,430 [INFO] Sent chunk 1227. Total sent: 1287651328/3022387508 bytes
2026-07-15 14:33:54,458 [INFO] Sent chunk 1228. Total sent: 1288699904/3022387508 bytes
2026-07-15 14:33:54,483 [INFO] Sent chunk 1229. Total sent: 1289748480/3022387508 bytes
2026-07-15 14:33:54,632 [INFO] Sent chunk 1230. Total sent: 1290797056/3022387508 bytes
2026-07-15 14:33:54,703 [INFO] Sent chunk 1231. Total sent: 1291845632/3022387508 bytes
2026-07-15 14:33:54,707 [INFO] Sent chunk 1232. Total sent: 1292894208/3022387508 bytes
2026-07-15 14:33:54,786 [INFO] Sent chunk 1233. Total sent: 1293942784/3022387508 bytes
2026-07-15 14:33:54,792 [INFO] Sent chunk 1234. Total sent: 1294991360/3022387508 bytes
2026-07-15 14:33:54,904 [INFO] Sent chunk 1235. Total sent: 1296039936/3022387508 bytes
2026-07-15 14:33:54,909 [INFO] Sent chunk 1236. Total sent: 1297088512/3022387508 bytes
2026-07-15 14:33:55,035 [INFO] Sent chunk 1237. Total sent: 1298137088/3022387508 bytes
2026-07-15 14:33:55,052 [INFO] Sent chunk 1238. Total sent: 1299185664/3022387508 bytes
2026-07-15 14:33:55,065 [INFO] Sent chunk 1239. Total sent: 1300234240/3022387508 bytes
2026-07-15 14:33:55,217 [INFO] Sent chunk 1240. Total sent: 1301282816/3022387508 bytes
2026-07-15 14:33:55,219 [INFO] Sent chunk 1241. Total sent: 1302331392/3022387508 bytes
2026-07-15 14:33:55,222 [INFO] Sent chunk 1242. Total sent: 1303379968/3022387508 bytes
2026-07-15 14:33:55,389 [INFO] Sent chunk 1243. Total sent: 1304428544/3022387508 bytes
2026-07-15 14:33:55,393 [INFO] Sent chunk 1244. Total sent: 1305477120/3022387508 bytes
2026-07-15 14:33:55,397 [INFO] Sent chunk 1245. Total sent: 1306525696/3022387508 bytes
2026-07-15 14:33:55,562 [INFO] Sent chunk 1246. Total sent: 1307574272/3022387508 bytes
2026-07-15 14:33:55,568 [INFO] Sent chunk 1247. Total sent: 1308622848/3022387508 bytes
2026-07-15 14:33:55,616 [INFO] Sent chunk 1248. Total sent: 1309671424/3022387508 bytes
2026-07-15 14:33:55,678 [INFO] Sent chunk 1249. Total sent: 1310720000/3022387508 bytes
2026-07-15 14:33:55,738 [INFO] Sent chunk 1250. Total sent: 1311768576/3022387508 bytes
2026-07-15 14:33:55,742 [INFO] Sent chunk 1251. Total sent: 1312817152/3022387508 bytes
2026-07-15 14:33:55,822 [INFO] Sent chunk 1252. Total sent: 1313865728/3022387508 bytes
2026-07-15 14:33:55,854 [INFO] Sent chunk 1253. Total sent: 1314914304/3022387508 bytes
2026-07-15 14:33:55,936 [INFO] Sent chunk 1254. Total sent: 1315962880/3022387508 bytes
2026-07-15 14:33:55,988 [INFO] Sent chunk 1255. Total sent: 1317011456/3022387508 bytes
2026-07-15 14:33:56,049 [INFO] Sent chunk 1256. Total sent: 1318060032/3022387508 bytes
2026-07-15 14:33:56,136 [INFO] Sent chunk 1257. Total sent: 1319108608/3022387508 bytes
2026-07-15 14:33:56,287 [INFO] Sent chunk 1258. Total sent: 1320157184/3022387508 bytes
2026-07-15 14:33:56,383 [INFO] Sent chunk 1259. Total sent: 1321205760/3022387508 bytes
2026-07-15 14:33:56,421 [INFO] Sent chunk 1260. Total sent: 1322254336/3022387508 bytes
2026-07-15 14:33:56,523 [INFO] Sent chunk 1261. Total sent: 1323302912/3022387508 bytes
2026-07-15 14:33:56,526 [INFO] Sent chunk 1262. Total sent: 1324351488/3022387508 bytes
2026-07-15 14:33:56,614 [INFO] Sent chunk 1263. Total sent: 1325400064/3022387508 bytes
2026-07-15 14:33:56,638 [INFO] Sent chunk 1264. Total sent: 1326448640/3022387508 bytes
2026-07-15 14:33:56,762 [INFO] Sent chunk 1265. Total sent: 1327497216/3022387508 bytes
2026-07-15 14:33:56,767 [INFO] Sent chunk 1266. Total sent: 1328545792/3022387508 bytes
2026-07-15 14:33:56,839 [INFO] Sent chunk 1267. Total sent: 1329594368/3022387508 bytes
2026-07-15 14:33:56,882 [INFO] Sent chunk 1268. Total sent: 1330642944/3022387508 bytes
2026-07-15 14:33:56,990 [INFO] Sent chunk 1269. Total sent: 1331691520/3022387508 bytes
2026-07-15 14:33:57,005 [INFO] Sent chunk 1270. Total sent: 1332740096/3022387508 bytes
2026-07-15 14:33:57,142 [INFO] Sent chunk 1271. Total sent: 1333788672/3022387508 bytes
2026-07-15 14:33:57,216 [INFO] Sent chunk 1272. Total sent: 1334837248/3022387508 bytes
2026-07-15 14:33:57,221 [INFO] Sent chunk 1273. Total sent: 1335885824/3022387508 bytes
2026-07-15 14:33:57,224 [INFO] Sent chunk 1274. Total sent: 1336934400/3022387508 bytes
2026-07-15 14:33:57,382 [INFO] Sent chunk 1275. Total sent: 1337982976/3022387508 bytes
2026-07-15 14:33:57,385 [INFO] Sent chunk 1276. Total sent: 1339031552/3022387508 bytes
2026-07-15 14:33:57,389 [INFO] Sent chunk 1277. Total sent: 1340080128/3022387508 bytes
2026-07-15 14:33:57,519 [INFO] Sent chunk 1278. Total sent: 1341128704/3022387508 bytes
2026-07-15 14:33:57,549 [INFO] Sent chunk 1279. Total sent: 1342177280/3022387508 bytes
2026-07-15 14:33:57,566 [INFO] Sent chunk 1280. Total sent: 1343225856/3022387508 bytes
2026-07-15 14:33:57,647 [INFO] Sent chunk 1281. Total sent: 1344274432/3022387508 bytes
2026-07-15 14:33:57,735 [INFO] Sent chunk 1282. Total sent: 1345323008/3022387508 bytes
2026-07-15 14:33:57,820 [INFO] Sent chunk 1283. Total sent: 1346371584/3022387508 bytes
2026-07-15 14:33:57,866 [INFO] Sent chunk 1284. Total sent: 1347420160/3022387508 bytes
2026-07-15 14:33:57,869 [INFO] Sent chunk 1285. Total sent: 1348468736/3022387508 bytes
2026-07-15 14:33:57,953 [INFO] Sent chunk 1286. Total sent: 1349517312/3022387508 bytes
2026-07-15 14:33:58,005 [INFO] Sent chunk 1287. Total sent: 1350565888/3022387508 bytes
2026-07-15 14:33:58,119 [INFO] Sent chunk 1288. Total sent: 1351614464/3022387508 bytes
2026-07-15 14:33:58,122 [INFO] Sent chunk 1289. Total sent: 1352663040/3022387508 bytes
2026-07-15 14:33:58,259 [INFO] Sent chunk 1290. Total sent: 1353711616/3022387508 bytes
2026-07-15 14:33:58,323 [INFO] Sent chunk 1291. Total sent: 1354760192/3022387508 bytes
2026-07-15 14:33:58,409 [INFO] Sent chunk 1292. Total sent: 1355808768/3022387508 bytes
2026-07-15 14:33:58,412 [INFO] Sent chunk 1293. Total sent: 1356857344/3022387508 bytes
2026-07-15 14:33:58,415 [INFO] Sent chunk 1294. Total sent: 1357905920/3022387508 bytes
2026-07-15 14:33:58,491 [INFO] Sent chunk 1295. Total sent: 1358954496/3022387508 bytes
2026-07-15 14:33:58,619 [INFO] Sent chunk 1296. Total sent: 1360003072/3022387508 bytes
2026-07-15 14:33:58,664 [INFO] Sent chunk 1297. Total sent: 1361051648/3022387508 bytes
2026-07-15 14:33:58,733 [INFO] Sent chunk 1298. Total sent: 1362100224/3022387508 bytes
2026-07-15 14:33:58,769 [INFO] Sent chunk 1299. Total sent: 1363148800/3022387508 bytes
2026-07-15 14:33:58,835 [INFO] Sent chunk 1300. Total sent: 1364197376/3022387508 bytes
2026-07-15 14:33:58,855 [INFO] Sent chunk 1301. Total sent: 1365245952/3022387508 bytes
2026-07-15 14:33:58,932 [INFO] Sent chunk 1302. Total sent: 1366294528/3022387508 bytes
2026-07-15 14:33:59,011 [INFO] Sent chunk 1303. Total sent: 1367343104/3022387508 bytes
2026-07-15 14:33:59,099 [INFO] Sent chunk 1304. Total sent: 1368391680/3022387508 bytes
2026-07-15 14:33:59,150 [INFO] Sent chunk 1305. Total sent: 1369440256/3022387508 bytes
2026-07-15 14:33:59,212 [INFO] Sent chunk 1306. Total sent: 1370488832/3022387508 bytes
2026-07-15 14:33:59,259 [INFO] Sent chunk 1307. Total sent: 1371537408/3022387508 bytes
2026-07-15 14:33:59,273 [INFO] Sent chunk 1308. Total sent: 1372585984/3022387508 bytes
2026-07-15 14:33:59,380 [INFO] Sent chunk 1309. Total sent: 1373634560/3022387508 bytes
2026-07-15 14:33:59,408 [INFO] Sent chunk 1310. Total sent: 1374683136/3022387508 bytes
2026-07-15 14:33:59,450 [INFO] Sent chunk 1311. Total sent: 1375731712/3022387508 bytes
2026-07-15 14:33:59,521 [INFO] Sent chunk 1312. Total sent: 1376780288/3022387508 bytes
2026-07-15 14:33:59,537 [INFO] Sent chunk 1313. Total sent: 1377828864/3022387508 bytes
2026-07-15 14:33:59,549 [INFO] Sent chunk 1314. Total sent: 1378877440/3022387508 bytes
2026-07-15 14:33:59,676 [INFO] Sent chunk 1315. Total sent: 1379926016/3022387508 bytes
2026-07-15 14:33:59,707 [INFO] Sent chunk 1316. Total sent: 1380974592/3022387508 bytes
2026-07-15 14:33:59,763 [INFO] Sent chunk 1317. Total sent: 1382023168/3022387508 bytes
2026-07-15 14:33:59,825 [INFO] Sent chunk 1318. Total sent: 1383071744/3022387508 bytes
2026-07-15 14:33:59,829 [INFO] Sent chunk 1319. Total sent: 1384120320/3022387508 bytes
2026-07-15 14:33:59,900 [INFO] Sent chunk 1320. Total sent: 1385168896/3022387508 bytes
2026-07-15 14:33:59,904 [INFO] Sent chunk 1321. Total sent: 1386217472/3022387508 bytes
2026-07-15 14:33:59,967 [INFO] Sent chunk 1322. Total sent: 1387266048/3022387508 bytes
2026-07-15 14:34:00,028 [INFO] Sent chunk 1323. Total sent: 1388314624/3022387508 bytes
2026-07-15 14:34:00,049 [INFO] Sent chunk 1324. Total sent: 1389363200/3022387508 bytes
2026-07-15 14:34:00,162 [INFO] Sent chunk 1325. Total sent: 1390411776/3022387508 bytes
2026-07-15 14:34:00,236 [INFO] Sent chunk 1326. Total sent: 1391460352/3022387508 bytes
2026-07-15 14:34:00,240 [INFO] Sent chunk 1327. Total sent: 1392508928/3022387508 bytes
2026-07-15 14:34:00,244 [INFO] Sent chunk 1328. Total sent: 1393557504/3022387508 bytes
2026-07-15 14:34:00,387 [INFO] Sent chunk 1329. Total sent: 1394606080/3022387508 bytes
2026-07-15 14:34:00,407 [INFO] Sent chunk 1330. Total sent: 1395654656/3022387508 bytes
2026-07-15 14:34:00,425 [INFO] Sent chunk 1331. Total sent: 1396703232/3022387508 bytes
2026-07-15 14:34:00,536 [INFO] Sent chunk 1332. Total sent: 1397751808/3022387508 bytes
2026-07-15 14:34:00,554 [INFO] Sent chunk 1333. Total sent: 1398800384/3022387508 bytes
2026-07-15 14:34:00,563 [INFO] Sent chunk 1334. Total sent: 1399848960/3022387508 bytes
2026-07-15 14:34:00,644 [INFO] Sent chunk 1335. Total sent: 1400897536/3022387508 bytes
2026-07-15 14:34:00,722 [INFO] Sent chunk 1336. Total sent: 1401946112/3022387508 bytes
2026-07-15 14:34:00,753 [INFO] Sent chunk 1337. Total sent: 1402994688/3022387508 bytes
2026-07-15 14:34:00,848 [INFO] Sent chunk 1338. Total sent: 1404043264/3022387508 bytes
2026-07-15 14:34:00,866 [INFO] Sent chunk 1339. Total sent: 1405091840/3022387508 bytes
2026-07-15 14:34:00,915 [INFO] Sent chunk 1340. Total sent: 1406140416/3022387508 bytes
2026-07-15 14:34:01,022 [INFO] Sent chunk 1341. Total sent: 1407188992/3022387508 bytes
2026-07-15 14:34:01,077 [INFO] Sent chunk 1342. Total sent: 1408237568/3022387508 bytes
2026-07-15 14:34:01,103 [INFO] Sent chunk 1343. Total sent: 1409286144/3022387508 bytes
2026-07-15 14:34:01,129 [INFO] Sent chunk 1344. Total sent: 1410334720/3022387508 bytes
2026-07-15 14:34:01,251 [INFO] Sent chunk 1345. Total sent: 1411383296/3022387508 bytes
2026-07-15 14:34:01,376 [INFO] Sent chunk 1346. Total sent: 1412431872/3022387508 bytes
2026-07-15 14:34:01,418 [INFO] Sent chunk 1347. Total sent: 1413480448/3022387508 bytes
2026-07-15 14:34:01,462 [INFO] Sent chunk 1348. Total sent: 1414529024/3022387508 bytes
2026-07-15 14:34:01,556 [INFO] Sent chunk 1349. Total sent: 1415577600/3022387508 bytes
2026-07-15 14:34:01,583 [INFO] Sent chunk 1350. Total sent: 1416626176/3022387508 bytes
2026-07-15 14:34:01,612 [INFO] Sent chunk 1351. Total sent: 1417674752/3022387508 bytes
2026-07-15 14:34:01,695 [INFO] Sent chunk 1352. Total sent: 1418723328/3022387508 bytes
2026-07-15 14:34:01,719 [INFO] Sent chunk 1353. Total sent: 1419771904/3022387508 bytes
2026-07-15 14:34:01,807 [INFO] Sent chunk 1354. Total sent: 1420820480/3022387508 bytes
2026-07-15 14:34:01,811 [INFO] Sent chunk 1355. Total sent: 1421869056/3022387508 bytes
2026-07-15 14:34:01,869 [INFO] Sent chunk 1356. Total sent: 1422917632/3022387508 bytes
2026-07-15 14:34:01,903 [INFO] Sent chunk 1357. Total sent: 1423966208/3022387508 bytes
2026-07-15 14:34:01,949 [INFO] Sent chunk 1358. Total sent: 1425014784/3022387508 bytes
2026-07-15 14:34:02,049 [INFO] Sent chunk 1359. Total sent: 1426063360/3022387508 bytes
2026-07-15 14:34:02,149 [INFO] Sent chunk 1360. Total sent: 1427111936/3022387508 bytes
2026-07-15 14:34:02,214 [INFO] Sent chunk 1361. Total sent: 1428160512/3022387508 bytes
2026-07-15 14:34:02,218 [INFO] Sent chunk 1362. Total sent: 1429209088/3022387508 bytes
2026-07-15 14:34:02,310 [INFO] Sent chunk 1363. Total sent: 1430257664/3022387508 bytes
2026-07-15 14:34:02,381 [INFO] Sent chunk 1364. Total sent: 1431306240/3022387508 bytes
2026-07-15 14:34:02,433 [INFO] Sent chunk 1365. Total sent: 1432354816/3022387508 bytes
2026-07-15 14:34:02,463 [INFO] Sent chunk 1366. Total sent: 1433403392/3022387508 bytes
2026-07-15 14:34:02,517 [INFO] Sent chunk 1367. Total sent: 1434451968/3022387508 bytes
2026-07-15 14:34:02,636 [INFO] Sent chunk 1368. Total sent: 1435500544/3022387508 bytes
2026-07-15 14:34:02,638 [INFO] Sent chunk 1369. Total sent: 1436549120/3022387508 bytes
2026-07-15 14:34:02,651 [INFO] Sent chunk 1370. Total sent: 1437597696/3022387508 bytes
2026-07-15 14:34:02,736 [INFO] Sent chunk 1371. Total sent: 1438646272/3022387508 bytes
2026-07-15 14:34:02,746 [INFO] Sent chunk 1372. Total sent: 1439694848/3022387508 bytes
2026-07-15 14:34:02,816 [INFO] Sent chunk 1373. Total sent: 1440743424/3022387508 bytes
2026-07-15 14:34:02,946 [INFO] Sent chunk 1374. Total sent: 1441792000/3022387508 bytes
2026-07-15 14:34:03,076 [INFO] Sent chunk 1375. Total sent: 1442840576/3022387508 bytes
2026-07-15 14:34:03,095 [INFO] Sent chunk 1376. Total sent: 1443889152/3022387508 bytes
2026-07-15 14:34:03,129 [INFO] Sent chunk 1377. Total sent: 1444937728/3022387508 bytes
2026-07-15 14:34:03,189 [INFO] Sent chunk 1378. Total sent: 1445986304/3022387508 bytes
2026-07-15 14:34:03,231 [INFO] Sent chunk 1379. Total sent: 1447034880/3022387508 bytes
2026-07-15 14:34:03,277 [INFO] Sent chunk 1380. Total sent: 1448083456/3022387508 bytes
2026-07-15 14:34:03,414 [INFO] Sent chunk 1381. Total sent: 1449132032/3022387508 bytes
2026-07-15 14:34:03,419 [INFO] Sent chunk 1382. Total sent: 1450180608/3022387508 bytes
2026-07-15 14:34:03,465 [INFO] Sent chunk 1383. Total sent: 1451229184/3022387508 bytes
2026-07-15 14:34:03,633 [INFO] Sent chunk 1384. Total sent: 1452277760/3022387508 bytes
2026-07-15 14:34:03,635 [INFO] Sent chunk 1385. Total sent: 1453326336/3022387508 bytes
2026-07-15 14:34:03,655 [INFO] Sent chunk 1386. Total sent: 1454374912/3022387508 bytes
2026-07-15 14:34:03,721 [INFO] Sent chunk 1387. Total sent: 1455423488/3022387508 bytes
2026-07-15 14:34:03,835 [INFO] Sent chunk 1388. Total sent: 1456472064/3022387508 bytes
2026-07-15 14:34:03,928 [INFO] Sent chunk 1389. Total sent: 1457520640/3022387508 bytes
2026-07-15 14:34:03,957 [INFO] Sent chunk 1390. Total sent: 1458569216/3022387508 bytes
2026-07-15 14:34:03,992 [INFO] Sent chunk 1391. Total sent: 1459617792/3022387508 bytes
2026-07-15 14:34:04,085 [INFO] Sent chunk 1392. Total sent: 1460666368/3022387508 bytes
2026-07-15 14:34:04,177 [INFO] Sent chunk 1393. Total sent: 1461714944/3022387508 bytes
2026-07-15 14:34:04,180 [INFO] Sent chunk 1394. Total sent: 1462763520/3022387508 bytes
2026-07-15 14:34:04,219 [INFO] Sent chunk 1395. Total sent: 1463812096/3022387508 bytes
2026-07-15 14:34:04,355 [INFO] Sent chunk 1396. Total sent: 1464860672/3022387508 bytes
2026-07-15 14:34:04,394 [INFO] Sent chunk 1397. Total sent: 1465909248/3022387508 bytes
2026-07-15 14:34:04,456 [INFO] Sent chunk 1398. Total sent: 1466957824/3022387508 bytes
2026-07-15 14:34:04,525 [INFO] Sent chunk 1399. Total sent: 1468006400/3022387508 bytes
2026-07-15 14:34:04,604 [INFO] Sent chunk 1400. Total sent: 1469054976/3022387508 bytes
2026-07-15 14:34:04,627 [INFO] Sent chunk 1401. Total sent: 1470103552/3022387508 bytes
2026-07-15 14:34:04,682 [INFO] Sent chunk 1402. Total sent: 1471152128/3022387508 bytes
2026-07-15 14:34:04,725 [INFO] Sent chunk 1403. Total sent: 1472200704/3022387508 bytes
2026-07-15 14:34:04,924 [INFO] Sent chunk 1404. Total sent: 1473249280/3022387508 bytes
2026-07-15 14:34:04,930 [INFO] Sent chunk 1405. Total sent: 1474297856/3022387508 bytes
2026-07-15 14:34:04,933 [INFO] Sent chunk 1406. Total sent: 1475346432/3022387508 bytes
2026-07-15 14:34:05,048 [INFO] Sent chunk 1407. Total sent: 1476395008/3022387508 bytes
2026-07-15 14:34:05,134 [INFO] Sent chunk 1408. Total sent: 1477443584/3022387508 bytes
2026-07-15 14:34:05,153 [INFO] Sent chunk 1409. Total sent: 1478492160/3022387508 bytes
2026-07-15 14:34:05,248 [INFO] Sent chunk 1410. Total sent: 1479540736/3022387508 bytes
2026-07-15 14:34:05,299 [INFO] Sent chunk 1411. Total sent: 1480589312/3022387508 bytes
2026-07-15 14:34:05,414 [INFO] Sent chunk 1412. Total sent: 1481637888/3022387508 bytes
2026-07-15 14:34:05,459 [INFO] Sent chunk 1413. Total sent: 1482686464/3022387508 bytes
2026-07-15 14:34:05,472 [INFO] Sent chunk 1414. Total sent: 1483735040/3022387508 bytes
2026-07-15 14:34:05,618 [INFO] Sent chunk 1415. Total sent: 1484783616/3022387508 bytes
2026-07-15 14:34:05,657 [INFO] Sent chunk 1416. Total sent: 1485832192/3022387508 bytes
2026-07-15 14:34:05,689 [INFO] Sent chunk 1417. Total sent: 1486880768/3022387508 bytes
2026-07-15 14:34:05,786 [INFO] Sent chunk 1418. Total sent: 1487929344/3022387508 bytes
2026-07-15 14:34:05,816 [INFO] Sent chunk 1419. Total sent: 1488977920/3022387508 bytes
2026-07-15 14:34:05,850 [INFO] Sent chunk 1420. Total sent: 1490026496/3022387508 bytes
2026-07-15 14:34:05,868 [INFO] Sent chunk 1421. Total sent: 1491075072/3022387508 bytes
2026-07-15 14:34:06,019 [INFO] Sent chunk 1422. Total sent: 1492123648/3022387508 bytes
2026-07-15 14:34:06,054 [INFO] Sent chunk 1423. Total sent: 1493172224/3022387508 bytes
2026-07-15 14:34:06,113 [INFO] Sent chunk 1424. Total sent: 1494220800/3022387508 bytes
2026-07-15 14:34:06,149 [INFO] Sent chunk 1425. Total sent: 1495269376/3022387508 bytes
2026-07-15 14:34:06,180 [INFO] Sent chunk 1426. Total sent: 1496317952/3022387508 bytes
2026-07-15 14:34:06,319 [INFO] Sent chunk 1427. Total sent: 1497366528/3022387508 bytes
2026-07-15 14:34:06,327 [INFO] Sent chunk 1428. Total sent: 1498415104/3022387508 bytes
2026-07-15 14:34:06,467 [INFO] Sent chunk 1429. Total sent: 1499463680/3022387508 bytes
2026-07-15 14:34:06,533 [INFO] Sent chunk 1430. Total sent: 1500512256/3022387508 bytes
2026-07-15 14:34:06,570 [INFO] Sent chunk 1431. Total sent: 1501560832/3022387508 bytes
2026-07-15 14:34:06,572 [INFO] Sent chunk 1432. Total sent: 1502609408/3022387508 bytes
2026-07-15 14:34:06,732 [INFO] Sent chunk 1433. Total sent: 1503657984/3022387508 bytes
2026-07-15 14:34:06,758 [INFO] Sent chunk 1434. Total sent: 1504706560/3022387508 bytes
2026-07-15 14:34:06,764 [INFO] Sent chunk 1435. Total sent: 1505755136/3022387508 bytes
2026-07-15 14:34:06,887 [INFO] Sent chunk 1436. Total sent: 1506803712/3022387508 bytes
2026-07-15 14:34:06,946 [INFO] Sent chunk 1437. Total sent: 1507852288/3022387508 bytes
2026-07-15 14:34:07,017 [INFO] Sent chunk 1438. Total sent: 1508900864/3022387508 bytes
2026-07-15 14:34:07,085 [INFO] Sent chunk 1439. Total sent: 1509949440/3022387508 bytes
2026-07-15 14:34:07,098 [INFO] Sent chunk 1440. Total sent: 1510998016/3022387508 bytes
2026-07-15 14:34:07,117 [INFO] Sent chunk 1441. Total sent: 1512046592/3022387508 bytes
2026-07-15 14:34:07,216 [INFO] Sent chunk 1442. Total sent: 1513095168/3022387508 bytes
2026-07-15 14:34:07,300 [INFO] Sent chunk 1443. Total sent: 1514143744/3022387508 bytes
2026-07-15 14:34:07,339 [INFO] Sent chunk 1444. Total sent: 1515192320/3022387508 bytes
2026-07-15 14:34:07,402 [INFO] Sent chunk 1445. Total sent: 1516240896/3022387508 bytes
2026-07-15 14:34:07,405 [INFO] Sent chunk 1446. Total sent: 1517289472/3022387508 bytes
2026-07-15 14:34:07,408 [INFO] Sent chunk 1447. Total sent: 1518338048/3022387508 bytes
2026-07-15 14:34:07,492 [INFO] Sent chunk 1448. Total sent: 1519386624/3022387508 bytes
2026-07-15 14:34:07,579 [INFO] Sent chunk 1449. Total sent: 1520435200/3022387508 bytes
2026-07-15 14:34:07,646 [INFO] Sent chunk 1450. Total sent: 1521483776/3022387508 bytes
2026-07-15 14:34:07,650 [INFO] Sent chunk 1451. Total sent: 1522532352/3022387508 bytes
2026-07-15 14:34:07,778 [INFO] Sent chunk 1452. Total sent: 1523580928/3022387508 bytes
2026-07-15 14:34:07,783 [INFO] Sent chunk 1453. Total sent: 1524629504/3022387508 bytes
2026-07-15 14:34:07,787 [INFO] Sent chunk 1454. Total sent: 1525678080/3022387508 bytes
2026-07-15 14:34:07,871 [INFO] Sent chunk 1455. Total sent: 1526726656/3022387508 bytes
2026-07-15 14:34:07,920 [INFO] Sent chunk 1456. Total sent: 1527775232/3022387508 bytes
2026-07-15 14:34:07,962 [INFO] Sent chunk 1457. Total sent: 1528823808/3022387508 bytes
2026-07-15 14:34:08,012 [INFO] Sent chunk 1458. Total sent: 1529872384/3022387508 bytes
2026-07-15 14:34:08,091 [INFO] Sent chunk 1459. Total sent: 1530920960/3022387508 bytes
2026-07-15 14:34:08,118 [INFO] Sent chunk 1460. Total sent: 1531969536/3022387508 bytes
2026-07-15 14:34:08,151 [INFO] Sent chunk 1461. Total sent: 1533018112/3022387508 bytes
2026-07-15 14:34:08,222 [INFO] Sent chunk 1462. Total sent: 1534066688/3022387508 bytes
2026-07-15 14:34:08,305 [INFO] Sent chunk 1463. Total sent: 1535115264/3022387508 bytes
2026-07-15 14:34:08,320 [INFO] Sent chunk 1464. Total sent: 1536163840/3022387508 bytes
2026-07-15 14:34:08,389 [INFO] Sent chunk 1465. Total sent: 1537212416/3022387508 bytes
2026-07-15 14:34:08,421 [INFO] Sent chunk 1466. Total sent: 1538260992/3022387508 bytes
2026-07-15 14:34:08,443 [INFO] Sent chunk 1467. Total sent: 1539309568/3022387508 bytes
2026-07-15 14:34:08,604 [INFO] Sent chunk 1468. Total sent: 1540358144/3022387508 bytes
2026-07-15 14:34:08,607 [INFO] Sent chunk 1469. Total sent: 1541406720/3022387508 bytes
2026-07-15 14:34:08,610 [INFO] Sent chunk 1470. Total sent: 1542455296/3022387508 bytes
2026-07-15 14:34:08,648 [INFO] Sent chunk 1471. Total sent: 1543503872/3022387508 bytes
2026-07-15 14:34:08,784 [INFO] Sent chunk 1472. Total sent: 1544552448/3022387508 bytes
2026-07-15 14:34:08,843 [INFO] Sent chunk 1473. Total sent: 1545601024/3022387508 bytes
2026-07-15 14:34:08,848 [INFO] Sent chunk 1474. Total sent: 1546649600/3022387508 bytes
2026-07-15 14:34:08,863 [INFO] Sent chunk 1475. Total sent: 1547698176/3022387508 bytes
2026-07-15 14:34:08,925 [INFO] Sent chunk 1476. Total sent: 1548746752/3022387508 bytes
2026-07-15 14:34:09,093 [INFO] Sent chunk 1477. Total sent: 1549795328/3022387508 bytes
2026-07-15 14:34:09,098 [INFO] Sent chunk 1478. Total sent: 1550843904/3022387508 bytes
2026-07-15 14:34:09,197 [INFO] Sent chunk 1479. Total sent: 1551892480/3022387508 bytes
2026-07-15 14:34:09,203 [INFO] Sent chunk 1480. Total sent: 1552941056/3022387508 bytes
2026-07-15 14:34:09,240 [INFO] Sent chunk 1481. Total sent: 1553989632/3022387508 bytes
2026-07-15 14:34:09,250 [INFO] Sent chunk 1482. Total sent: 1555038208/3022387508 bytes
2026-07-15 14:34:09,303 [INFO] Sent chunk 1483. Total sent: 1556086784/3022387508 bytes
2026-07-15 14:34:09,409 [INFO] Sent chunk 1484. Total sent: 1557135360/3022387508 bytes
2026-07-15 14:34:09,466 [INFO] Sent chunk 1485. Total sent: 1558183936/3022387508 bytes
2026-07-15 14:34:09,583 [INFO] Sent chunk 1486. Total sent: 1559232512/3022387508 bytes
2026-07-15 14:34:09,587 [INFO] Sent chunk 1487. Total sent: 1560281088/3022387508 bytes
2026-07-15 14:34:09,662 [INFO] Sent chunk 1488. Total sent: 1561329664/3022387508 bytes
2026-07-15 14:34:09,757 [INFO] Sent chunk 1489. Total sent: 1562378240/3022387508 bytes
2026-07-15 14:34:09,800 [INFO] Sent chunk 1490. Total sent: 1563426816/3022387508 bytes
2026-07-15 14:34:09,852 [INFO] Sent chunk 1491. Total sent: 1564475392/3022387508 bytes
2026-07-15 14:34:09,934 [INFO] Sent chunk 1492. Total sent: 1565523968/3022387508 bytes
2026-07-15 14:34:10,001 [INFO] Sent chunk 1493. Total sent: 1566572544/3022387508 bytes
2026-07-15 14:34:10,016 [INFO] Sent chunk 1494. Total sent: 1567621120/3022387508 bytes
2026-07-15 14:34:10,033 [INFO] Sent chunk 1495. Total sent: 1568669696/3022387508 bytes
2026-07-15 14:34:10,105 [INFO] Sent chunk 1496. Total sent: 1569718272/3022387508 bytes
2026-07-15 14:34:10,178 [INFO] Sent chunk 1497. Total sent: 1570766848/3022387508 bytes
2026-07-15 14:34:10,245 [INFO] Sent chunk 1498. Total sent: 1571815424/3022387508 bytes
2026-07-15 14:34:10,309 [INFO] Sent chunk 1499. Total sent: 1572864000/3022387508 bytes
2026-07-15 14:34:10,401 [INFO] Sent chunk 1500. Total sent: 1573912576/3022387508 bytes
2026-07-15 14:34:10,487 [INFO] Sent chunk 1501. Total sent: 1574961152/3022387508 bytes
2026-07-15 14:34:10,546 [INFO] Sent chunk 1502. Total sent: 1576009728/3022387508 bytes
2026-07-15 14:34:10,586 [INFO] Sent chunk 1503. Total sent: 1577058304/3022387508 bytes
2026-07-15 14:34:10,649 [INFO] Sent chunk 1504. Total sent: 1578106880/3022387508 bytes
2026-07-15 14:34:10,708 [INFO] Sent chunk 1505. Total sent: 1579155456/3022387508 bytes
2026-07-15 14:34:10,758 [INFO] Sent chunk 1506. Total sent: 1580204032/3022387508 bytes
2026-07-15 14:34:10,779 [INFO] Sent chunk 1507. Total sent: 1581252608/3022387508 bytes
2026-07-15 14:34:10,794 [INFO] Sent chunk 1508. Total sent: 1582301184/3022387508 bytes
2026-07-15 14:34:10,832 [INFO] Sent chunk 1509. Total sent: 1583349760/3022387508 bytes
2026-07-15 14:34:10,907 [INFO] Sent chunk 1510. Total sent: 1584398336/3022387508 bytes
2026-07-15 14:34:10,942 [INFO] Sent chunk 1511. Total sent: 1585446912/3022387508 bytes
2026-07-15 14:34:10,996 [INFO] Sent chunk 1512. Total sent: 1586495488/3022387508 bytes
2026-07-15 14:34:11,091 [INFO] Sent chunk 1513. Total sent: 1587544064/3022387508 bytes
2026-07-15 14:34:11,226 [INFO] Sent chunk 1514. Total sent: 1588592640/3022387508 bytes
2026-07-15 14:34:11,255 [INFO] Sent chunk 1515. Total sent: 1589641216/3022387508 bytes
2026-07-15 14:34:11,287 [INFO] Sent chunk 1516. Total sent: 1590689792/3022387508 bytes
2026-07-15 14:34:11,400 [INFO] Sent chunk 1517. Total sent: 1591738368/3022387508 bytes
2026-07-15 14:34:11,411 [INFO] Sent chunk 1518. Total sent: 1592786944/3022387508 bytes
2026-07-15 14:34:11,451 [INFO] Sent chunk 1519. Total sent: 1593835520/3022387508 bytes
2026-07-15 14:34:11,576 [INFO] Sent chunk 1520. Total sent: 1594884096/3022387508 bytes
2026-07-15 14:34:11,627 [INFO] Sent chunk 1521. Total sent: 1595932672/3022387508 bytes
2026-07-15 14:34:11,661 [INFO] Sent chunk 1522. Total sent: 1596981248/3022387508 bytes
2026-07-15 14:34:11,759 [INFO] Sent chunk 1523. Total sent: 1598029824/3022387508 bytes
2026-07-15 14:34:11,780 [INFO] Sent chunk 1524. Total sent: 1599078400/3022387508 bytes
2026-07-15 14:34:11,785 [INFO] Sent chunk 1525. Total sent: 1600126976/3022387508 bytes
2026-07-15 14:34:11,837 [INFO] Sent chunk 1526. Total sent: 1601175552/3022387508 bytes
2026-07-15 14:34:11,885 [INFO] Sent chunk 1527. Total sent: 1602224128/3022387508 bytes
2026-07-15 14:34:11,967 [INFO] Sent chunk 1528. Total sent: 1603272704/3022387508 bytes
2026-07-15 14:34:12,015 [INFO] Sent chunk 1529. Total sent: 1604321280/3022387508 bytes
2026-07-15 14:34:12,112 [INFO] Sent chunk 1530. Total sent: 1605369856/3022387508 bytes
2026-07-15 14:34:12,165 [INFO] Sent chunk 1531. Total sent: 1606418432/3022387508 bytes
2026-07-15 14:34:12,232 [INFO] Sent chunk 1532. Total sent: 1607467008/3022387508 bytes
2026-07-15 14:34:12,287 [INFO] Sent chunk 1533. Total sent: 1608515584/3022387508 bytes
2026-07-15 14:34:12,307 [INFO] Sent chunk 1534. Total sent: 1609564160/3022387508 bytes
2026-07-15 14:34:12,330 [INFO] Sent chunk 1535. Total sent: 1610612736/3022387508 bytes
2026-07-15 14:34:12,446 [INFO] Sent chunk 1536. Total sent: 1611661312/3022387508 bytes
2026-07-15 14:34:12,589 [INFO] Sent chunk 1537. Total sent: 1612709888/3022387508 bytes
2026-07-15 14:34:12,593 [INFO] Sent chunk 1538. Total sent: 1613758464/3022387508 bytes
2026-07-15 14:34:12,596 [INFO] Sent chunk 1539. Total sent: 1614807040/3022387508 bytes
2026-07-15 14:34:12,760 [INFO] Sent chunk 1540. Total sent: 1615855616/3022387508 bytes
2026-07-15 14:34:12,772 [INFO] Sent chunk 1541. Total sent: 1616904192/3022387508 bytes
2026-07-15 14:34:12,783 [INFO] Sent chunk 1542. Total sent: 1617952768/3022387508 bytes
2026-07-15 14:34:12,817 [INFO] Sent chunk 1543. Total sent: 1619001344/3022387508 bytes
2026-07-15 14:34:12,922 [INFO] Sent chunk 1544. Total sent: 1620049920/3022387508 bytes
2026-07-15 14:34:13,003 [INFO] Sent chunk 1545. Total sent: 1621098496/3022387508 bytes
2026-07-15 14:34:13,034 [INFO] Sent chunk 1546. Total sent: 1622147072/3022387508 bytes
2026-07-15 14:34:13,039 [INFO] Sent chunk 1547. Total sent: 1623195648/3022387508 bytes
2026-07-15 14:34:13,118 [INFO] Sent chunk 1548. Total sent: 1624244224/3022387508 bytes
2026-07-15 14:34:13,210 [INFO] Sent chunk 1549. Total sent: 1625292800/3022387508 bytes
2026-07-15 14:34:13,290 [INFO] Sent chunk 1550. Total sent: 1626341376/3022387508 bytes
2026-07-15 14:34:13,348 [INFO] Sent chunk 1551. Total sent: 1627389952/3022387508 bytes
2026-07-15 14:34:13,418 [INFO] Sent chunk 1552. Total sent: 1628438528/3022387508 bytes
2026-07-15 14:34:13,422 [INFO] Sent chunk 1553. Total sent: 1629487104/3022387508 bytes
2026-07-15 14:34:13,425 [INFO] Sent chunk 1554. Total sent: 1630535680/3022387508 bytes
2026-07-15 14:34:13,552 [INFO] Sent chunk 1555. Total sent: 1631584256/3022387508 bytes
2026-07-15 14:34:13,605 [INFO] Sent chunk 1556. Total sent: 1632632832/3022387508 bytes
2026-07-15 14:34:13,634 [INFO] Sent chunk 1557. Total sent: 1633681408/3022387508 bytes
2026-07-15 14:34:13,669 [INFO] Sent chunk 1558. Total sent: 1634729984/3022387508 bytes
2026-07-15 14:34:13,681 [INFO] Sent chunk 1559. Total sent: 1635778560/3022387508 bytes
2026-07-15 14:34:13,734 [INFO] Sent chunk 1560. Total sent: 1636827136/3022387508 bytes
2026-07-15 14:34:13,883 [INFO] Sent chunk 1561. Total sent: 1637875712/3022387508 bytes
2026-07-15 14:34:13,953 [INFO] Sent chunk 1562. Total sent: 1638924288/3022387508 bytes
2026-07-15 14:34:13,995 [INFO] Sent chunk 1563. Total sent: 1639972864/3022387508 bytes
2026-07-15 14:34:14,062 [INFO] Sent chunk 1564. Total sent: 1641021440/3022387508 bytes
2026-07-15 14:34:14,080 [INFO] Sent chunk 1565. Total sent: 1642070016/3022387508 bytes
2026-07-15 14:34:14,127 [INFO] Sent chunk 1566. Total sent: 1643118592/3022387508 bytes
2026-07-15 14:34:14,207 [INFO] Sent chunk 1567. Total sent: 1644167168/3022387508 bytes
2026-07-15 14:34:14,300 [INFO] Sent chunk 1568. Total sent: 1645215744/3022387508 bytes
2026-07-15 14:34:14,361 [INFO] Sent chunk 1569. Total sent: 1646264320/3022387508 bytes
2026-07-15 14:34:14,387 [INFO] Sent chunk 1570. Total sent: 1647312896/3022387508 bytes
2026-07-15 14:34:14,463 [INFO] Sent chunk 1571. Total sent: 1648361472/3022387508 bytes
2026-07-15 14:34:14,577 [INFO] Sent chunk 1572. Total sent: 1649410048/3022387508 bytes
2026-07-15 14:34:14,627 [INFO] Sent chunk 1573. Total sent: 1650458624/3022387508 bytes
2026-07-15 14:34:14,679 [INFO] Sent chunk 1574. Total sent: 1651507200/3022387508 bytes
2026-07-15 14:34:14,751 [INFO] Sent chunk 1575. Total sent: 1652555776/3022387508 bytes
2026-07-15 14:34:14,780 [INFO] Sent chunk 1576. Total sent: 1653604352/3022387508 bytes
2026-07-15 14:34:14,838 [INFO] Sent chunk 1577. Total sent: 1654652928/3022387508 bytes
2026-07-15 14:34:14,928 [INFO] Sent chunk 1578. Total sent: 1655701504/3022387508 bytes
2026-07-15 14:34:14,984 [INFO] Sent chunk 1579. Total sent: 1656750080/3022387508 bytes
2026-07-15 14:34:15,004 [INFO] Sent chunk 1580. Total sent: 1657798656/3022387508 bytes
2026-07-15 14:34:15,065 [INFO] Sent chunk 1581. Total sent: 1658847232/3022387508 bytes
2026-07-15 14:34:15,149 [INFO] Sent chunk 1582. Total sent: 1659895808/3022387508 bytes
2026-07-15 14:34:15,257 [INFO] Sent chunk 1583. Total sent: 1660944384/3022387508 bytes
2026-07-15 14:34:15,261 [INFO] Sent chunk 1584. Total sent: 1661992960/3022387508 bytes
2026-07-15 14:34:15,291 [INFO] Sent chunk 1585. Total sent: 1663041536/3022387508 bytes
2026-07-15 14:34:15,407 [INFO] Sent chunk 1586. Total sent: 1664090112/3022387508 bytes
2026-07-15 14:34:15,438 [INFO] Sent chunk 1587. Total sent: 1665138688/3022387508 bytes
2026-07-15 14:34:15,596 [INFO] Sent chunk 1588. Total sent: 1666187264/3022387508 bytes
2026-07-15 14:34:15,599 [INFO] Sent chunk 1589. Total sent: 1667235840/3022387508 bytes
2026-07-15 14:34:15,602 [INFO] Sent chunk 1590. Total sent: 1668284416/3022387508 bytes
2026-07-15 14:34:15,680 [INFO] Sent chunk 1591. Total sent: 1669332992/3022387508 bytes
2026-07-15 14:34:15,816 [INFO] Sent chunk 1592. Total sent: 1670381568/3022387508 bytes
2026-07-15 14:34:15,876 [INFO] Sent chunk 1593. Total sent: 1671430144/3022387508 bytes
2026-07-15 14:34:15,916 [INFO] Sent chunk 1594. Total sent: 1672478720/3022387508 bytes
2026-07-15 14:34:15,995 [INFO] Sent chunk 1595. Total sent: 1673527296/3022387508 bytes
2026-07-15 14:34:16,056 [INFO] Sent chunk 1596. Total sent: 1674575872/3022387508 bytes
2026-07-15 14:34:16,063 [INFO] Sent chunk 1597. Total sent: 1675624448/3022387508 bytes
2026-07-15 14:34:16,072 [INFO] Sent chunk 1598. Total sent: 1676673024/3022387508 bytes
2026-07-15 14:34:16,232 [INFO] Sent chunk 1599. Total sent: 1677721600/3022387508 bytes
2026-07-15 14:34:16,299 [INFO] Sent chunk 1600. Total sent: 1678770176/3022387508 bytes
2026-07-15 14:34:16,364 [INFO] Sent chunk 1601. Total sent: 1679818752/3022387508 bytes
2026-07-15 14:34:16,378 [INFO] Sent chunk 1602. Total sent: 1680867328/3022387508 bytes
2026-07-15 14:34:16,402 [INFO] Sent chunk 1603. Total sent: 1681915904/3022387508 bytes
2026-07-15 14:34:16,444 [INFO] Sent chunk 1604. Total sent: 1682964480/3022387508 bytes
2026-07-15 14:34:16,554 [INFO] Sent chunk 1605. Total sent: 1684013056/3022387508 bytes
2026-07-15 14:34:16,619 [INFO] Sent chunk 1606. Total sent: 1685061632/3022387508 bytes
2026-07-15 14:34:16,681 [INFO] Sent chunk 1607. Total sent: 1686110208/3022387508 bytes
2026-07-15 14:34:16,684 [INFO] Sent chunk 1608. Total sent: 1687158784/3022387508 bytes
2026-07-15 14:34:16,788 [INFO] Sent chunk 1609. Total sent: 1688207360/3022387508 bytes
2026-07-15 14:34:16,846 [INFO] Sent chunk 1610. Total sent: 1689255936/3022387508 bytes
2026-07-15 14:34:16,874 [INFO] Sent chunk 1611. Total sent: 1690304512/3022387508 bytes
2026-07-15 14:34:16,900 [INFO] Sent chunk 1612. Total sent: 1691353088/3022387508 bytes
2026-07-15 14:34:16,970 [INFO] Sent chunk 1613. Total sent: 1692401664/3022387508 bytes
2026-07-15 14:34:17,007 [INFO] Sent chunk 1614. Total sent: 1693450240/3022387508 bytes
2026-07-15 14:34:17,020 [INFO] Sent chunk 1615. Total sent: 1694498816/3022387508 bytes
2026-07-15 14:34:17,123 [INFO] Sent chunk 1616. Total sent: 1695547392/3022387508 bytes
2026-07-15 14:34:17,241 [INFO] Sent chunk 1617. Total sent: 1696595968/3022387508 bytes
2026-07-15 14:34:17,278 [INFO] Sent chunk 1618. Total sent: 1697644544/3022387508 bytes
2026-07-15 14:34:17,290 [INFO] Sent chunk 1619. Total sent: 1698693120/3022387508 bytes
2026-07-15 14:34:17,354 [INFO] Sent chunk 1620. Total sent: 1699741696/3022387508 bytes
2026-07-15 14:34:17,452 [INFO] Sent chunk 1621. Total sent: 1700790272/3022387508 bytes
2026-07-15 14:34:17,455 [INFO] Sent chunk 1622. Total sent: 1701838848/3022387508 bytes
2026-07-15 14:34:17,517 [INFO] Sent chunk 1623. Total sent: 1702887424/3022387508 bytes
2026-07-15 14:34:17,604 [INFO] Sent chunk 1624. Total sent: 1703936000/3022387508 bytes
2026-07-15 14:34:17,651 [INFO] Sent chunk 1625. Total sent: 1704984576/3022387508 bytes
2026-07-15 14:34:17,669 [INFO] Sent chunk 1626. Total sent: 1706033152/3022387508 bytes
2026-07-15 14:34:17,685 [INFO] Sent chunk 1627. Total sent: 1707081728/3022387508 bytes
2026-07-15 14:34:17,821 [INFO] Sent chunk 1628. Total sent: 1708130304/3022387508 bytes
2026-07-15 14:34:17,910 [INFO] Sent chunk 1629. Total sent: 1709178880/3022387508 bytes
2026-07-15 14:34:17,937 [INFO] Sent chunk 1630. Total sent: 1710227456/3022387508 bytes
2026-07-15 14:34:18,000 [INFO] Sent chunk 1631. Total sent: 1711276032/3022387508 bytes
2026-07-15 14:34:18,026 [INFO] Sent chunk 1632. Total sent: 1712324608/3022387508 bytes
2026-07-15 14:34:18,049 [INFO] Sent chunk 1633. Total sent: 1713373184/3022387508 bytes
2026-07-15 14:34:18,203 [INFO] Sent chunk 1634. Total sent: 1714421760/3022387508 bytes
2026-07-15 14:34:18,204 [INFO] Sent chunk 1635. Total sent: 1715470336/3022387508 bytes
2026-07-15 14:34:18,206 [INFO] Sent chunk 1636. Total sent: 1716518912/3022387508 bytes
2026-07-15 14:34:18,332 [INFO] Sent chunk 1637. Total sent: 1717567488/3022387508 bytes
2026-07-15 14:34:18,407 [INFO] Sent chunk 1638. Total sent: 1718616064/3022387508 bytes
2026-07-15 14:34:18,413 [INFO] Sent chunk 1639. Total sent: 1719664640/3022387508 bytes
2026-07-15 14:34:18,438 [INFO] Sent chunk 1640. Total sent: 1720713216/3022387508 bytes
2026-07-15 14:34:18,557 [INFO] Sent chunk 1641. Total sent: 1721761792/3022387508 bytes
2026-07-15 14:34:18,624 [INFO] Sent chunk 1642. Total sent: 1722810368/3022387508 bytes
2026-07-15 14:34:18,659 [INFO] Sent chunk 1643. Total sent: 1723858944/3022387508 bytes
2026-07-15 14:34:18,666 [INFO] Sent chunk 1644. Total sent: 1724907520/3022387508 bytes
2026-07-15 14:34:18,729 [INFO] Sent chunk 1645. Total sent: 1725956096/3022387508 bytes
2026-07-15 14:34:18,790 [INFO] Sent chunk 1646. Total sent: 1727004672/3022387508 bytes
2026-07-15 14:34:18,899 [INFO] Sent chunk 1647. Total sent: 1728053248/3022387508 bytes
2026-07-15 14:34:18,993 [INFO] Sent chunk 1648. Total sent: 1729101824/3022387508 bytes
2026-07-15 14:34:19,059 [INFO] Sent chunk 1649. Total sent: 1730150400/3022387508 bytes
2026-07-15 14:34:19,142 [INFO] Sent chunk 1650. Total sent: 1731198976/3022387508 bytes
2026-07-15 14:34:19,168 [INFO] Sent chunk 1651. Total sent: 1732247552/3022387508 bytes
2026-07-15 14:34:19,263 [INFO] Sent chunk 1652. Total sent: 1733296128/3022387508 bytes
2026-07-15 14:34:19,293 [INFO] Sent chunk 1653. Total sent: 1734344704/3022387508 bytes
2026-07-15 14:34:19,382 [INFO] Sent chunk 1654. Total sent: 1735393280/3022387508 bytes
2026-07-15 14:34:19,439 [INFO] Sent chunk 1655. Total sent: 1736441856/3022387508 bytes
2026-07-15 14:34:19,457 [INFO] Sent chunk 1656. Total sent: 1737490432/3022387508 bytes
2026-07-15 14:34:19,487 [INFO] Sent chunk 1657. Total sent: 1738539008/3022387508 bytes
2026-07-15 14:34:19,522 [INFO] Sent chunk 1658. Total sent: 1739587584/3022387508 bytes
2026-07-15 14:34:19,635 [INFO] Sent chunk 1659. Total sent: 1740636160/3022387508 bytes
2026-07-15 14:34:19,648 [INFO] Sent chunk 1660. Total sent: 1741684736/3022387508 bytes
2026-07-15 14:34:19,717 [INFO] Sent chunk 1661. Total sent: 1742733312/3022387508 bytes
2026-07-15 14:34:19,798 [INFO] Sent chunk 1662. Total sent: 1743781888/3022387508 bytes
2026-07-15 14:34:19,824 [INFO] Sent chunk 1663. Total sent: 1744830464/3022387508 bytes
2026-07-15 14:34:19,900 [INFO] Sent chunk 1664. Total sent: 1745879040/3022387508 bytes
2026-07-15 14:34:19,977 [INFO] Sent chunk 1665. Total sent: 1746927616/3022387508 bytes
2026-07-15 14:34:19,980 [INFO] Sent chunk 1666. Total sent: 1747976192/3022387508 bytes
2026-07-15 14:34:20,015 [INFO] Sent chunk 1667. Total sent: 1749024768/3022387508 bytes
2026-07-15 14:34:20,143 [INFO] Sent chunk 1668. Total sent: 1750073344/3022387508 bytes
2026-07-15 14:34:20,156 [INFO] Sent chunk 1669. Total sent: 1751121920/3022387508 bytes
2026-07-15 14:34:20,160 [INFO] Sent chunk 1670. Total sent: 1752170496/3022387508 bytes
2026-07-15 14:34:20,208 [INFO] Sent chunk 1671. Total sent: 1753219072/3022387508 bytes
2026-07-15 14:34:20,268 [INFO] Sent chunk 1672. Total sent: 1754267648/3022387508 bytes
2026-07-15 14:34:20,332 [INFO] Sent chunk 1673. Total sent: 1755316224/3022387508 bytes
2026-07-15 14:34:20,375 [INFO] Sent chunk 1674. Total sent: 1756364800/3022387508 bytes
2026-07-15 14:34:20,459 [INFO] Sent chunk 1675. Total sent: 1757413376/3022387508 bytes
2026-07-15 14:34:20,504 [INFO] Sent chunk 1676. Total sent: 1758461952/3022387508 bytes
2026-07-15 14:34:20,535 [INFO] Sent chunk 1677. Total sent: 1759510528/3022387508 bytes
2026-07-15 14:34:20,565 [INFO] Sent chunk 1678. Total sent: 1760559104/3022387508 bytes
2026-07-15 14:34:20,622 [INFO] Sent chunk 1679. Total sent: 1761607680/3022387508 bytes
2026-07-15 14:34:20,678 [INFO] Sent chunk 1680. Total sent: 1762656256/3022387508 bytes
2026-07-15 14:34:20,779 [INFO] Sent chunk 1681. Total sent: 1763704832/3022387508 bytes
2026-07-15 14:34:20,799 [INFO] Sent chunk 1682. Total sent: 1764753408/3022387508 bytes
2026-07-15 14:34:20,870 [INFO] Sent chunk 1683. Total sent: 1765801984/3022387508 bytes
2026-07-15 14:34:20,963 [INFO] Sent chunk 1684. Total sent: 1766850560/3022387508 bytes
2026-07-15 14:34:21,045 [INFO] Sent chunk 1685. Total sent: 1767899136/3022387508 bytes
2026-07-15 14:34:21,050 [INFO] Sent chunk 1686. Total sent: 1768947712/3022387508 bytes
2026-07-15 14:34:21,099 [INFO] Sent chunk 1687. Total sent: 1769996288/3022387508 bytes
2026-07-15 14:34:21,152 [INFO] Sent chunk 1688. Total sent: 1771044864/3022387508 bytes
2026-07-15 14:34:21,190 [INFO] Sent chunk 1689. Total sent: 1772093440/3022387508 bytes
2026-07-15 14:34:21,258 [INFO] Sent chunk 1690. Total sent: 1773142016/3022387508 bytes
2026-07-15 14:34:21,298 [INFO] Sent chunk 1691. Total sent: 1774190592/3022387508 bytes
2026-07-15 14:34:21,358 [INFO] Sent chunk 1692. Total sent: 1775239168/3022387508 bytes
2026-07-15 14:34:21,494 [INFO] Sent chunk 1693. Total sent: 1776287744/3022387508 bytes
2026-07-15 14:34:21,498 [INFO] Sent chunk 1694. Total sent: 1777336320/3022387508 bytes
2026-07-15 14:34:21,627 [INFO] Sent chunk 1695. Total sent: 1778384896/3022387508 bytes
2026-07-15 14:34:21,637 [INFO] Sent chunk 1696. Total sent: 1779433472/3022387508 bytes
2026-07-15 14:34:21,656 [INFO] Sent chunk 1697. Total sent: 1780482048/3022387508 bytes
2026-07-15 14:34:21,822 [INFO] Sent chunk 1698. Total sent: 1781530624/3022387508 bytes
2026-07-15 14:34:21,847 [INFO] Sent chunk 1699. Total sent: 1782579200/3022387508 bytes
2026-07-15 14:34:21,886 [INFO] Sent chunk 1700. Total sent: 1783627776/3022387508 bytes
2026-07-15 14:34:21,938 [INFO] Sent chunk 1701. Total sent: 1784676352/3022387508 bytes
2026-07-15 14:34:22,063 [INFO] Sent chunk 1702. Total sent: 1785724928/3022387508 bytes
2026-07-15 14:34:22,101 [INFO] Sent chunk 1703. Total sent: 1786773504/3022387508 bytes
2026-07-15 14:34:22,139 [INFO] Sent chunk 1704. Total sent: 1787822080/3022387508 bytes
2026-07-15 14:34:22,143 [INFO] Sent chunk 1705. Total sent: 1788870656/3022387508 bytes
2026-07-15 14:34:22,262 [INFO] Sent chunk 1706. Total sent: 1789919232/3022387508 bytes
2026-07-15 14:34:22,314 [INFO] Sent chunk 1707. Total sent: 1790967808/3022387508 bytes
2026-07-15 14:34:22,399 [INFO] Sent chunk 1708. Total sent: 1792016384/3022387508 bytes
2026-07-15 14:34:22,463 [INFO] Sent chunk 1709. Total sent: 1793064960/3022387508 bytes
2026-07-15 14:34:22,467 [INFO] Sent chunk 1710. Total sent: 1794113536/3022387508 bytes
2026-07-15 14:34:22,505 [INFO] Sent chunk 1711. Total sent: 1795162112/3022387508 bytes
2026-07-15 14:34:22,556 [INFO] Sent chunk 1712. Total sent: 1796210688/3022387508 bytes
2026-07-15 14:34:22,658 [INFO] Sent chunk 1713. Total sent: 1797259264/3022387508 bytes
2026-07-15 14:34:22,685 [INFO] Sent chunk 1714. Total sent: 1798307840/3022387508 bytes
2026-07-15 14:34:22,741 [INFO] Sent chunk 1715. Total sent: 1799356416/3022387508 bytes
2026-07-15 14:34:22,847 [INFO] Sent chunk 1716. Total sent: 1800404992/3022387508 bytes
2026-07-15 14:34:22,858 [INFO] Sent chunk 1717. Total sent: 1801453568/3022387508 bytes
2026-07-15 14:34:22,894 [INFO] Sent chunk 1718. Total sent: 1802502144/3022387508 bytes
2026-07-15 14:34:23,023 [INFO] Sent chunk 1719. Total sent: 1803550720/3022387508 bytes
2026-07-15 14:34:23,033 [INFO] Sent chunk 1720. Total sent: 1804599296/3022387508 bytes
2026-07-15 14:34:23,059 [INFO] Sent chunk 1721. Total sent: 1805647872/3022387508 bytes
2026-07-15 14:34:23,125 [INFO] Sent chunk 1722. Total sent: 1806696448/3022387508 bytes
2026-07-15 14:34:23,199 [INFO] Sent chunk 1723. Total sent: 1807745024/3022387508 bytes
2026-07-15 14:34:23,246 [INFO] Sent chunk 1724. Total sent: 1808793600/3022387508 bytes
2026-07-15 14:34:23,323 [INFO] Sent chunk 1725. Total sent: 1809842176/3022387508 bytes
2026-07-15 14:34:23,394 [INFO] Sent chunk 1726. Total sent: 1810890752/3022387508 bytes
2026-07-15 14:34:23,463 [INFO] Sent chunk 1727. Total sent: 1811939328/3022387508 bytes
2026-07-15 14:34:23,539 [INFO] Sent chunk 1728. Total sent: 1812987904/3022387508 bytes
2026-07-15 14:34:23,543 [INFO] Sent chunk 1729. Total sent: 1814036480/3022387508 bytes
2026-07-15 14:34:23,630 [INFO] Sent chunk 1730. Total sent: 1815085056/3022387508 bytes
2026-07-15 14:34:23,647 [INFO] Sent chunk 1731. Total sent: 1816133632/3022387508 bytes
2026-07-15 14:34:23,745 [INFO] Sent chunk 1732. Total sent: 1817182208/3022387508 bytes
2026-07-15 14:34:23,765 [INFO] Sent chunk 1733. Total sent: 1818230784/3022387508 bytes
2026-07-15 14:34:23,804 [INFO] Sent chunk 1734. Total sent: 1819279360/3022387508 bytes
2026-07-15 14:34:23,877 [INFO] Sent chunk 1735. Total sent: 1820327936/3022387508 bytes
2026-07-15 14:34:23,952 [INFO] Sent chunk 1736. Total sent: 1821376512/3022387508 bytes
2026-07-15 14:34:24,035 [INFO] Sent chunk 1737. Total sent: 1822425088/3022387508 bytes
2026-07-15 14:34:24,073 [INFO] Sent chunk 1738. Total sent: 1823473664/3022387508 bytes
2026-07-15 14:34:24,084 [INFO] Sent chunk 1739. Total sent: 1824522240/3022387508 bytes
2026-07-15 14:34:24,145 [INFO] Sent chunk 1740. Total sent: 1825570816/3022387508 bytes
2026-07-15 14:34:24,203 [INFO] Sent chunk 1741. Total sent: 1826619392/3022387508 bytes
2026-07-15 14:34:24,263 [INFO] Sent chunk 1742. Total sent: 1827667968/3022387508 bytes
2026-07-15 14:34:24,355 [INFO] Sent chunk 1743. Total sent: 1828716544/3022387508 bytes
2026-07-15 14:34:24,411 [INFO] Sent chunk 1744. Total sent: 1829765120/3022387508 bytes
2026-07-15 14:34:24,458 [INFO] Sent chunk 1745. Total sent: 1830813696/3022387508 bytes
2026-07-15 14:34:24,527 [INFO] Sent chunk 1746. Total sent: 1831862272/3022387508 bytes
2026-07-15 14:34:24,588 [INFO] Sent chunk 1747. Total sent: 1832910848/3022387508 bytes
2026-07-15 14:34:24,664 [INFO] Sent chunk 1748. Total sent: 1833959424/3022387508 bytes
2026-07-15 14:34:24,730 [INFO] Sent chunk 1749. Total sent: 1835008000/3022387508 bytes
2026-07-15 14:34:24,806 [INFO] Sent chunk 1750. Total sent: 1836056576/3022387508 bytes
2026-07-15 14:34:24,823 [INFO] Sent chunk 1751. Total sent: 1837105152/3022387508 bytes
2026-07-15 14:34:24,895 [INFO] Sent chunk 1752. Total sent: 1838153728/3022387508 bytes
2026-07-15 14:34:24,939 [INFO] Sent chunk 1753. Total sent: 1839202304/3022387508 bytes
2026-07-15 14:34:25,012 [INFO] Sent chunk 1754. Total sent: 1840250880/3022387508 bytes
2026-07-15 14:34:25,036 [INFO] Sent chunk 1755. Total sent: 1841299456/3022387508 bytes
2026-07-15 14:34:25,078 [INFO] Sent chunk 1756. Total sent: 1842348032/3022387508 bytes
2026-07-15 14:34:25,175 [INFO] Sent chunk 1757. Total sent: 1843396608/3022387508 bytes
2026-07-15 14:34:25,210 [INFO] Sent chunk 1758. Total sent: 1844445184/3022387508 bytes
2026-07-15 14:34:25,233 [INFO] Sent chunk 1759. Total sent: 1845493760/3022387508 bytes
2026-07-15 14:34:25,299 [INFO] Sent chunk 1760. Total sent: 1846542336/3022387508 bytes
2026-07-15 14:34:25,325 [INFO] Sent chunk 1761. Total sent: 1847590912/3022387508 bytes
2026-07-15 14:34:25,389 [INFO] Sent chunk 1762. Total sent: 1848639488/3022387508 bytes
2026-07-15 14:34:25,449 [INFO] Sent chunk 1763. Total sent: 1849688064/3022387508 bytes
2026-07-15 14:34:25,517 [INFO] Sent chunk 1764. Total sent: 1850736640/3022387508 bytes
2026-07-15 14:34:25,559 [INFO] Sent chunk 1765. Total sent: 1851785216/3022387508 bytes
2026-07-15 14:34:25,649 [INFO] Sent chunk 1766. Total sent: 1852833792/3022387508 bytes
2026-07-15 14:34:25,661 [INFO] Sent chunk 1767. Total sent: 1853882368/3022387508 bytes
2026-07-15 14:34:25,726 [INFO] Sent chunk 1768. Total sent: 1854930944/3022387508 bytes
2026-07-15 14:34:25,778 [INFO] Sent chunk 1769. Total sent: 1855979520/3022387508 bytes
2026-07-15 14:34:25,840 [INFO] Sent chunk 1770. Total sent: 1857028096/3022387508 bytes
2026-07-15 14:34:25,844 [INFO] Sent chunk 1771. Total sent: 1858076672/3022387508 bytes
2026-07-15 14:34:25,950 [INFO] Sent chunk 1772. Total sent: 1859125248/3022387508 bytes
2026-07-15 14:34:25,977 [INFO] Sent chunk 1773. Total sent: 1860173824/3022387508 bytes
2026-07-15 14:34:26,037 [INFO] Sent chunk 1774. Total sent: 1861222400/3022387508 bytes
2026-07-15 14:34:26,062 [INFO] Sent chunk 1775. Total sent: 1862270976/3022387508 bytes
2026-07-15 14:34:26,121 [INFO] Sent chunk 1776. Total sent: 1863319552/3022387508 bytes
2026-07-15 14:34:26,147 [INFO] Sent chunk 1777. Total sent: 1864368128/3022387508 bytes
2026-07-15 14:34:26,194 [INFO] Sent chunk 1778. Total sent: 1865416704/3022387508 bytes
2026-07-15 14:34:26,276 [INFO] Sent chunk 1779. Total sent: 1866465280/3022387508 bytes
2026-07-15 14:34:26,285 [INFO] Sent chunk 1780. Total sent: 1867513856/3022387508 bytes
2026-07-15 14:34:26,348 [INFO] Sent chunk 1781. Total sent: 1868562432/3022387508 bytes
2026-07-15 14:34:26,370 [INFO] Sent chunk 1782. Total sent: 1869611008/3022387508 bytes
2026-07-15 14:34:26,433 [INFO] Sent chunk 1783. Total sent: 1870659584/3022387508 bytes
2026-07-15 14:34:26,510 [INFO] Sent chunk 1784. Total sent: 1871708160/3022387508 bytes
2026-07-15 14:34:26,519 [INFO] Sent chunk 1785. Total sent: 1872756736/3022387508 bytes
2026-07-15 14:34:26,601 [INFO] Sent chunk 1786. Total sent: 1873805312/3022387508 bytes
2026-07-15 14:34:26,632 [INFO] Sent chunk 1787. Total sent: 1874853888/3022387508 bytes
2026-07-15 14:34:26,694 [INFO] Sent chunk 1788. Total sent: 1875902464/3022387508 bytes
2026-07-15 14:34:26,702 [INFO] Sent chunk 1789. Total sent: 1876951040/3022387508 bytes
2026-07-15 14:34:26,757 [INFO] Sent chunk 1790. Total sent: 1877999616/3022387508 bytes
2026-07-15 14:34:26,803 [INFO] Sent chunk 1791. Total sent: 1879048192/3022387508 bytes
2026-07-15 14:34:26,884 [INFO] Sent chunk 1792. Total sent: 1880096768/3022387508 bytes
2026-07-15 14:34:26,890 [INFO] Sent chunk 1793. Total sent: 1881145344/3022387508 bytes
2026-07-15 14:34:26,962 [INFO] Sent chunk 1794. Total sent: 1882193920/3022387508 bytes
2026-07-15 14:34:27,032 [INFO] Sent chunk 1795. Total sent: 1883242496/3022387508 bytes
2026-07-15 14:34:27,035 [INFO] Sent chunk 1796. Total sent: 1884291072/3022387508 bytes
2026-07-15 14:34:27,118 [INFO] Sent chunk 1797. Total sent: 1885339648/3022387508 bytes
2026-07-15 14:34:27,188 [INFO] Sent chunk 1798. Total sent: 1886388224/3022387508 bytes
2026-07-15 14:34:27,198 [INFO] Sent chunk 1799. Total sent: 1887436800/3022387508 bytes
2026-07-15 14:34:27,259 [INFO] Sent chunk 1800. Total sent: 1888485376/3022387508 bytes
2026-07-15 14:34:27,294 [INFO] Sent chunk 1801. Total sent: 1889533952/3022387508 bytes
2026-07-15 14:34:27,340 [INFO] Sent chunk 1802. Total sent: 1890582528/3022387508 bytes
2026-07-15 14:34:27,377 [INFO] Sent chunk 1803. Total sent: 1891631104/3022387508 bytes
2026-07-15 14:34:27,477 [INFO] Sent chunk 1804. Total sent: 1892679680/3022387508 bytes
2026-07-15 14:34:27,500 [INFO] Sent chunk 1805. Total sent: 1893728256/3022387508 bytes
2026-07-15 14:34:27,574 [INFO] Sent chunk 1806. Total sent: 1894776832/3022387508 bytes
2026-07-15 14:34:27,640 [INFO] Sent chunk 1807. Total sent: 1895825408/3022387508 bytes
2026-07-15 14:34:27,645 [INFO] Sent chunk 1808. Total sent: 1896873984/3022387508 bytes
2026-07-15 14:34:27,682 [INFO] Sent chunk 1809. Total sent: 1897922560/3022387508 bytes
2026-07-15 14:34:27,767 [INFO] Sent chunk 1810. Total sent: 1898971136/3022387508 bytes
2026-07-15 14:34:27,822 [INFO] Sent chunk 1811. Total sent: 1900019712/3022387508 bytes
2026-07-15 14:34:27,851 [INFO] Sent chunk 1812. Total sent: 1901068288/3022387508 bytes
2026-07-15 14:34:27,901 [INFO] Sent chunk 1813. Total sent: 1902116864/3022387508 bytes
2026-07-15 14:34:27,993 [INFO] Sent chunk 1814. Total sent: 1903165440/3022387508 bytes
2026-07-15 14:34:28,035 [INFO] Sent chunk 1815. Total sent: 1904214016/3022387508 bytes
2026-07-15 14:34:28,061 [INFO] Sent chunk 1816. Total sent: 1905262592/3022387508 bytes
2026-07-15 14:34:28,145 [INFO] Sent chunk 1817. Total sent: 1906311168/3022387508 bytes
2026-07-15 14:34:28,182 [INFO] Sent chunk 1818. Total sent: 1907359744/3022387508 bytes
2026-07-15 14:34:28,251 [INFO] Sent chunk 1819. Total sent: 1908408320/3022387508 bytes
2026-07-15 14:34:28,293 [INFO] Sent chunk 1820. Total sent: 1909456896/3022387508 bytes
2026-07-15 14:34:28,378 [INFO] Sent chunk 1821. Total sent: 1910505472/3022387508 bytes
2026-07-15 14:34:28,430 [INFO] Sent chunk 1822. Total sent: 1911554048/3022387508 bytes
2026-07-15 14:34:28,500 [INFO] Sent chunk 1823. Total sent: 1912602624/3022387508 bytes
2026-07-15 14:34:28,542 [INFO] Sent chunk 1824. Total sent: 1913651200/3022387508 bytes
2026-07-15 14:34:28,591 [INFO] Sent chunk 1825. Total sent: 1914699776/3022387508 bytes
2026-07-15 14:34:28,682 [INFO] Sent chunk 1826. Total sent: 1915748352/3022387508 bytes
2026-07-15 14:34:28,691 [INFO] Sent chunk 1827. Total sent: 1916796928/3022387508 bytes
2026-07-15 14:34:28,766 [INFO] Sent chunk 1828. Total sent: 1917845504/3022387508 bytes
2026-07-15 14:34:28,785 [INFO] Sent chunk 1829. Total sent: 1918894080/3022387508 bytes
2026-07-15 14:34:28,818 [INFO] Sent chunk 1830. Total sent: 1919942656/3022387508 bytes
2026-07-15 14:34:28,899 [INFO] Sent chunk 1831. Total sent: 1920991232/3022387508 bytes
2026-07-15 14:34:28,922 [INFO] Sent chunk 1832. Total sent: 1922039808/3022387508 bytes
2026-07-15 14:34:28,984 [INFO] Sent chunk 1833. Total sent: 1923088384/3022387508 bytes
2026-07-15 14:34:29,058 [INFO] Sent chunk 1834. Total sent: 1924136960/3022387508 bytes
2026-07-15 14:34:29,062 [INFO] Sent chunk 1835. Total sent: 1925185536/3022387508 bytes
2026-07-15 14:34:29,146 [INFO] Sent chunk 1836. Total sent: 1926234112/3022387508 bytes
2026-07-15 14:34:29,177 [INFO] Sent chunk 1837. Total sent: 1927282688/3022387508 bytes
2026-07-15 14:34:29,204 [INFO] Sent chunk 1838. Total sent: 1928331264/3022387508 bytes
2026-07-15 14:34:29,284 [INFO] Sent chunk 1839. Total sent: 1929379840/3022387508 bytes
2026-07-15 14:34:29,340 [INFO] Sent chunk 1840. Total sent: 1930428416/3022387508 bytes
2026-07-15 14:34:29,419 [INFO] Sent chunk 1841. Total sent: 1931476992/3022387508 bytes
2026-07-15 14:34:29,478 [INFO] Sent chunk 1842. Total sent: 1932525568/3022387508 bytes
2026-07-15 14:34:29,483 [INFO] Sent chunk 1843. Total sent: 1933574144/3022387508 bytes
2026-07-15 14:34:29,590 [INFO] Sent chunk 1844. Total sent: 1934622720/3022387508 bytes
2026-07-15 14:34:29,636 [INFO] Sent chunk 1845. Total sent: 1935671296/3022387508 bytes
2026-07-15 14:34:29,679 [INFO] Sent chunk 1846. Total sent: 1936719872/3022387508 bytes
2026-07-15 14:34:29,701 [INFO] Sent chunk 1847. Total sent: 1937768448/3022387508 bytes
2026-07-15 14:34:29,799 [INFO] Sent chunk 1848. Total sent: 1938817024/3022387508 bytes
2026-07-15 14:34:29,862 [INFO] Sent chunk 1849. Total sent: 1939865600/3022387508 bytes
2026-07-15 14:34:29,910 [INFO] Sent chunk 1850. Total sent: 1940914176/3022387508 bytes
2026-07-15 14:34:29,914 [INFO] Sent chunk 1851. Total sent: 1941962752/3022387508 bytes
2026-07-15 14:34:29,978 [INFO] Sent chunk 1852. Total sent: 1943011328/3022387508 bytes
2026-07-15 14:34:30,025 [INFO] Sent chunk 1853. Total sent: 1944059904/3022387508 bytes
2026-07-15 14:34:30,111 [INFO] Sent chunk 1854. Total sent: 1945108480/3022387508 bytes
2026-07-15 14:34:30,115 [INFO] Sent chunk 1855. Total sent: 1946157056/3022387508 bytes
2026-07-15 14:34:30,189 [INFO] Sent chunk 1856. Total sent: 1947205632/3022387508 bytes
2026-07-15 14:34:30,214 [INFO] Sent chunk 1857. Total sent: 1948254208/3022387508 bytes
2026-07-15 14:34:30,271 [INFO] Sent chunk 1858. Total sent: 1949302784/3022387508 bytes
2026-07-15 14:34:30,292 [INFO] Sent chunk 1859. Total sent: 1950351360/3022387508 bytes
2026-07-15 14:34:30,364 [INFO] Sent chunk 1860. Total sent: 1951399936/3022387508 bytes
2026-07-15 14:34:30,403 [INFO] Sent chunk 1861. Total sent: 1952448512/3022387508 bytes
2026-07-15 14:34:30,429 [INFO] Sent chunk 1862. Total sent: 1953497088/3022387508 bytes
2026-07-15 14:34:30,481 [INFO] Sent chunk 1863. Total sent: 1954545664/3022387508 bytes
2026-07-15 14:34:30,535 [INFO] Sent chunk 1864. Total sent: 1955594240/3022387508 bytes
2026-07-15 14:34:30,554 [INFO] Sent chunk 1865. Total sent: 1956642816/3022387508 bytes
2026-07-15 14:34:30,628 [INFO] Sent chunk 1866. Total sent: 1957691392/3022387508 bytes
2026-07-15 14:34:30,677 [INFO] Sent chunk 1867. Total sent: 1958739968/3022387508 bytes
2026-07-15 14:34:30,714 [INFO] Sent chunk 1868. Total sent: 1959788544/3022387508 bytes
2026-07-15 14:34:30,779 [INFO] Sent chunk 1869. Total sent: 1960837120/3022387508 bytes
2026-07-15 14:34:30,794 [INFO] Sent chunk 1870. Total sent: 1961885696/3022387508 bytes
2026-07-15 14:34:30,849 [INFO] Sent chunk 1871. Total sent: 1962934272/3022387508 bytes
2026-07-15 14:34:30,883 [INFO] Sent chunk 1872. Total sent: 1963982848/3022387508 bytes
2026-07-15 14:34:30,940 [INFO] Sent chunk 1873. Total sent: 1965031424/3022387508 bytes
2026-07-15 14:34:30,985 [INFO] Sent chunk 1874. Total sent: 1966080000/3022387508 bytes
2026-07-15 14:34:31,057 [INFO] Sent chunk 1875. Total sent: 1967128576/3022387508 bytes
2026-07-15 14:34:31,113 [INFO] Sent chunk 1876. Total sent: 1968177152/3022387508 bytes
2026-07-15 14:34:31,117 [INFO] Sent chunk 1877. Total sent: 1969225728/3022387508 bytes
2026-07-15 14:34:31,184 [INFO] Sent chunk 1878. Total sent: 1970274304/3022387508 bytes
2026-07-15 14:34:31,211 [INFO] Sent chunk 1879. Total sent: 1971322880/3022387508 bytes
2026-07-15 14:34:31,283 [INFO] Sent chunk 1880. Total sent: 1972371456/3022387508 bytes
2026-07-15 14:34:31,303 [INFO] Sent chunk 1881. Total sent: 1973420032/3022387508 bytes
2026-07-15 14:34:31,352 [INFO] Sent chunk 1882. Total sent: 1974468608/3022387508 bytes
2026-07-15 14:34:31,383 [INFO] Sent chunk 1883. Total sent: 1975517184/3022387508 bytes
2026-07-15 14:34:31,467 [INFO] Sent chunk 1884. Total sent: 1976565760/3022387508 bytes
2026-07-15 14:34:31,508 [INFO] Sent chunk 1885. Total sent: 1977614336/3022387508 bytes
2026-07-15 14:34:31,533 [INFO] Sent chunk 1886. Total sent: 1978662912/3022387508 bytes
2026-07-15 14:34:31,550 [INFO] Sent chunk 1887. Total sent: 1979711488/3022387508 bytes
2026-07-15 14:34:31,600 [INFO] Sent chunk 1888. Total sent: 1980760064/3022387508 bytes
2026-07-15 14:34:31,664 [INFO] Sent chunk 1889. Total sent: 1981808640/3022387508 bytes
2026-07-15 14:34:31,720 [INFO] Sent chunk 1890. Total sent: 1982857216/3022387508 bytes
2026-07-15 14:34:31,746 [INFO] Sent chunk 1891. Total sent: 1983905792/3022387508 bytes
2026-07-15 14:34:31,777 [INFO] Sent chunk 1892. Total sent: 1984954368/3022387508 bytes
2026-07-15 14:34:31,871 [INFO] Sent chunk 1893. Total sent: 1986002944/3022387508 bytes
2026-07-15 14:34:31,881 [INFO] Sent chunk 1894. Total sent: 1987051520/3022387508 bytes
2026-07-15 14:34:31,917 [INFO] Sent chunk 1895. Total sent: 1988100096/3022387508 bytes
2026-07-15 14:34:31,998 [INFO] Sent chunk 1896. Total sent: 1989148672/3022387508 bytes
2026-07-15 14:34:32,015 [INFO] Sent chunk 1897. Total sent: 1990197248/3022387508 bytes
2026-07-15 14:34:32,067 [INFO] Sent chunk 1898. Total sent: 1991245824/3022387508 bytes
2026-07-15 14:34:32,131 [INFO] Sent chunk 1899. Total sent: 1992294400/3022387508 bytes
2026-07-15 14:34:32,201 [INFO] Sent chunk 1900. Total sent: 1993342976/3022387508 bytes
2026-07-15 14:34:32,227 [INFO] Sent chunk 1901. Total sent: 1994391552/3022387508 bytes
2026-07-15 14:34:32,321 [INFO] Sent chunk 1902. Total sent: 1995440128/3022387508 bytes
2026-07-15 14:34:32,342 [INFO] Sent chunk 1903. Total sent: 1996488704/3022387508 bytes
2026-07-15 14:34:32,373 [INFO] Sent chunk 1904. Total sent: 1997537280/3022387508 bytes
2026-07-15 14:34:32,436 [INFO] Sent chunk 1905. Total sent: 1998585856/3022387508 bytes
2026-07-15 14:34:32,490 [INFO] Sent chunk 1906. Total sent: 1999634432/3022387508 bytes
2026-07-15 14:34:32,524 [INFO] Sent chunk 1907. Total sent: 2000683008/3022387508 bytes
2026-07-15 14:34:32,564 [INFO] Sent chunk 1908. Total sent: 2001731584/3022387508 bytes
2026-07-15 14:34:32,639 [INFO] Sent chunk 1909. Total sent: 2002780160/3022387508 bytes
2026-07-15 14:34:32,643 [INFO] Sent chunk 1910. Total sent: 2003828736/3022387508 bytes
2026-07-15 14:34:32,731 [INFO] Sent chunk 1911. Total sent: 2004877312/3022387508 bytes
2026-07-15 14:34:32,780 [INFO] Sent chunk 1912. Total sent: 2005925888/3022387508 bytes
2026-07-15 14:34:32,789 [INFO] Sent chunk 1913. Total sent: 2006974464/3022387508 bytes
2026-07-15 14:34:32,870 [INFO] Sent chunk 1914. Total sent: 2008023040/3022387508 bytes
2026-07-15 14:34:32,906 [INFO] Sent chunk 1915. Total sent: 2009071616/3022387508 bytes
2026-07-15 14:34:32,953 [INFO] Sent chunk 1916. Total sent: 2010120192/3022387508 bytes
2026-07-15 14:34:32,975 [INFO] Sent chunk 1917. Total sent: 2011168768/3022387508 bytes
2026-07-15 14:34:33,052 [INFO] Sent chunk 1918. Total sent: 2012217344/3022387508 bytes
2026-07-15 14:34:33,086 [INFO] Sent chunk 1919. Total sent: 2013265920/3022387508 bytes
2026-07-15 14:34:33,115 [INFO] Sent chunk 1920. Total sent: 2014314496/3022387508 bytes
2026-07-15 14:34:33,199 [INFO] Sent chunk 1921. Total sent: 2015363072/3022387508 bytes
2026-07-15 14:34:33,214 [INFO] Sent chunk 1922. Total sent: 2016411648/3022387508 bytes
2026-07-15 14:34:33,289 [INFO] Sent chunk 1923. Total sent: 2017460224/3022387508 bytes
2026-07-15 14:34:33,353 [INFO] Sent chunk 1924. Total sent: 2018508800/3022387508 bytes
2026-07-15 14:34:33,378 [INFO] Sent chunk 1925. Total sent: 2019557376/3022387508 bytes
2026-07-15 14:34:33,404 [INFO] Sent chunk 1926. Total sent: 2020605952/3022387508 bytes
2026-07-15 14:34:33,455 [INFO] Sent chunk 1927. Total sent: 2021654528/3022387508 bytes
2026-07-15 14:34:33,490 [INFO] Sent chunk 1928. Total sent: 2022703104/3022387508 bytes
2026-07-15 14:34:33,588 [INFO] Sent chunk 1929. Total sent: 2023751680/3022387508 bytes
2026-07-15 14:34:33,592 [INFO] Sent chunk 1930. Total sent: 2024800256/3022387508 bytes
2026-07-15 14:34:33,675 [INFO] Sent chunk 1931. Total sent: 2025848832/3022387508 bytes
2026-07-15 14:34:33,679 [INFO] Sent chunk 1932. Total sent: 2026897408/3022387508 bytes
2026-07-15 14:34:33,741 [INFO] Sent chunk 1933. Total sent: 2027945984/3022387508 bytes
2026-07-15 14:34:33,813 [INFO] Sent chunk 1934. Total sent: 2028994560/3022387508 bytes
2026-07-15 14:34:33,853 [INFO] Sent chunk 1935. Total sent: 2030043136/3022387508 bytes
2026-07-15 14:34:33,858 [INFO] Sent chunk 1936. Total sent: 2031091712/3022387508 bytes
2026-07-15 14:34:33,940 [INFO] Sent chunk 1937. Total sent: 2032140288/3022387508 bytes
2026-07-15 14:34:33,993 [INFO] Sent chunk 1938. Total sent: 2033188864/3022387508 bytes
2026-07-15 14:34:34,048 [INFO] Sent chunk 1939. Total sent: 2034237440/3022387508 bytes
2026-07-15 14:34:34,108 [INFO] Sent chunk 1940. Total sent: 2035286016/3022387508 bytes
2026-07-15 14:34:34,111 [INFO] Sent chunk 1941. Total sent: 2036334592/3022387508 bytes
2026-07-15 14:34:34,186 [INFO] Sent chunk 1942. Total sent: 2037383168/3022387508 bytes
2026-07-15 14:34:34,250 [INFO] Sent chunk 1943. Total sent: 2038431744/3022387508 bytes
2026-07-15 14:34:34,254 [INFO] Sent chunk 1944. Total sent: 2039480320/3022387508 bytes
2026-07-15 14:34:34,342 [INFO] Sent chunk 1945. Total sent: 2040528896/3022387508 bytes
2026-07-15 14:34:34,368 [INFO] Sent chunk 1946. Total sent: 2041577472/3022387508 bytes
2026-07-15 14:34:34,436 [INFO] Sent chunk 1947. Total sent: 2042626048/3022387508 bytes
2026-07-15 14:34:34,446 [INFO] Sent chunk 1948. Total sent: 2043674624/3022387508 bytes
2026-07-15 14:34:34,522 [INFO] Sent chunk 1949. Total sent: 2044723200/3022387508 bytes
2026-07-15 14:34:34,595 [INFO] Sent chunk 1950. Total sent: 2045771776/3022387508 bytes
2026-07-15 14:34:34,607 [INFO] Sent chunk 1951. Total sent: 2046820352/3022387508 bytes
2026-07-15 14:34:34,679 [INFO] Sent chunk 1952. Total sent: 2047868928/3022387508 bytes
2026-07-15 14:34:34,694 [INFO] Sent chunk 1953. Total sent: 2048917504/3022387508 bytes
2026-07-15 14:34:34,792 [INFO] Sent chunk 1954. Total sent: 2049966080/3022387508 bytes
2026-07-15 14:34:34,811 [INFO] Sent chunk 1955. Total sent: 2051014656/3022387508 bytes
2026-07-15 14:34:34,880 [INFO] Sent chunk 1956. Total sent: 2052063232/3022387508 bytes
2026-07-15 14:34:34,911 [INFO] Sent chunk 1957. Total sent: 2053111808/3022387508 bytes
2026-07-15 14:34:34,993 [INFO] Sent chunk 1958. Total sent: 2054160384/3022387508 bytes
2026-07-15 14:34:35,010 [INFO] Sent chunk 1959. Total sent: 2055208960/3022387508 bytes
2026-07-15 14:34:35,028 [INFO] Sent chunk 1960. Total sent: 2056257536/3022387508 bytes
2026-07-15 14:34:35,083 [INFO] Sent chunk 1961. Total sent: 2057306112/3022387508 bytes
2026-07-15 14:34:35,143 [INFO] Sent chunk 1962. Total sent: 2058354688/3022387508 bytes
2026-07-15 14:34:35,209 [INFO] Sent chunk 1963. Total sent: 2059403264/3022387508 bytes
2026-07-15 14:34:35,230 [INFO] Sent chunk 1964. Total sent: 2060451840/3022387508 bytes
2026-07-15 14:34:35,284 [INFO] Sent chunk 1965. Total sent: 2061500416/3022387508 bytes
2026-07-15 14:34:35,321 [INFO] Sent chunk 1966. Total sent: 2062548992/3022387508 bytes
2026-07-15 14:34:35,396 [INFO] Sent chunk 1967. Total sent: 2063597568/3022387508 bytes
2026-07-15 14:34:35,454 [INFO] Sent chunk 1968. Total sent: 2064646144/3022387508 bytes
2026-07-15 14:34:35,467 [INFO] Sent chunk 1969. Total sent: 2065694720/3022387508 bytes
2026-07-15 14:34:35,488 [INFO] Sent chunk 1970. Total sent: 2066743296/3022387508 bytes
2026-07-15 14:34:35,557 [INFO] Sent chunk 1971. Total sent: 2067791872/3022387508 bytes
2026-07-15 14:34:35,601 [INFO] Sent chunk 1972. Total sent: 2068840448/3022387508 bytes
2026-07-15 14:34:35,629 [INFO] Sent chunk 1973. Total sent: 2069889024/3022387508 bytes
2026-07-15 14:34:35,699 [INFO] Sent chunk 1974. Total sent: 2070937600/3022387508 bytes
2026-07-15 14:34:35,712 [INFO] Sent chunk 1975. Total sent: 2071986176/3022387508 bytes
2026-07-15 14:34:35,771 [INFO] Sent chunk 1976. Total sent: 2073034752/3022387508 bytes
2026-07-15 14:34:35,840 [INFO] Sent chunk 1977. Total sent: 2074083328/3022387508 bytes
2026-07-15 14:34:35,864 [INFO] Sent chunk 1978. Total sent: 2075131904/3022387508 bytes
2026-07-15 14:34:35,913 [INFO] Sent chunk 1979. Total sent: 2076180480/3022387508 bytes
2026-07-15 14:34:35,944 [INFO] Sent chunk 1980. Total sent: 2077229056/3022387508 bytes
2026-07-15 14:34:36,015 [INFO] Sent chunk 1981. Total sent: 2078277632/3022387508 bytes
2026-07-15 14:34:36,019 [INFO] Sent chunk 1982. Total sent: 2079326208/3022387508 bytes
2026-07-15 14:34:36,101 [INFO] Sent chunk 1983. Total sent: 2080374784/3022387508 bytes
2026-07-15 14:34:36,128 [INFO] Sent chunk 1984. Total sent: 2081423360/3022387508 bytes
2026-07-15 14:34:36,196 [INFO] Sent chunk 1985. Total sent: 2082471936/3022387508 bytes
2026-07-15 14:34:36,224 [INFO] Sent chunk 1986. Total sent: 2083520512/3022387508 bytes
2026-07-15 14:34:36,272 [INFO] Sent chunk 1987. Total sent: 2084569088/3022387508 bytes
2026-07-15 14:34:36,299 [INFO] Sent chunk 1988. Total sent: 2085617664/3022387508 bytes
2026-07-15 14:34:36,368 [INFO] Sent chunk 1989. Total sent: 2086666240/3022387508 bytes
2026-07-15 14:34:36,445 [INFO] Sent chunk 1990. Total sent: 2087714816/3022387508 bytes
2026-07-15 14:34:36,454 [INFO] Sent chunk 1991. Total sent: 2088763392/3022387508 bytes
2026-07-15 14:34:36,551 [INFO] Sent chunk 1992. Total sent: 2089811968/3022387508 bytes
2026-07-15 14:34:36,573 [INFO] Sent chunk 1993. Total sent: 2090860544/3022387508 bytes
2026-07-15 14:34:36,632 [INFO] Sent chunk 1994. Total sent: 2091909120/3022387508 bytes
2026-07-15 14:34:36,673 [INFO] Sent chunk 1995. Total sent: 2092957696/3022387508 bytes
2026-07-15 14:34:36,729 [INFO] Sent chunk 1996. Total sent: 2094006272/3022387508 bytes
2026-07-15 14:34:36,761 [INFO] Sent chunk 1997. Total sent: 2095054848/3022387508 bytes
2026-07-15 14:34:36,833 [INFO] Sent chunk 1998. Total sent: 2096103424/3022387508 bytes
2026-07-15 14:34:36,924 [INFO] Sent chunk 1999. Total sent: 2097152000/3022387508 bytes
2026-07-15 14:34:36,928 [INFO] Sent chunk 2000. Total sent: 2098200576/3022387508 bytes
2026-07-15 14:34:37,016 [INFO] Sent chunk 2001. Total sent: 2099249152/3022387508 bytes
2026-07-15 14:34:37,018 [INFO] Sent chunk 2002. Total sent: 2100297728/3022387508 bytes
2026-07-15 14:34:37,074 [INFO] Sent chunk 2003. Total sent: 2101346304/3022387508 bytes
2026-07-15 14:34:37,169 [INFO] Sent chunk 2004. Total sent: 2102394880/3022387508 bytes
2026-07-15 14:34:37,173 [INFO] Sent chunk 2005. Total sent: 2103443456/3022387508 bytes
2026-07-15 14:34:37,229 [INFO] Sent chunk 2006. Total sent: 2104492032/3022387508 bytes
2026-07-15 14:34:37,335 [INFO] Sent chunk 2007. Total sent: 2105540608/3022387508 bytes
2026-07-15 14:34:37,339 [INFO] Sent chunk 2008. Total sent: 2106589184/3022387508 bytes
2026-07-15 14:34:37,408 [INFO] Sent chunk 2009. Total sent: 2107637760/3022387508 bytes
2026-07-15 14:34:37,453 [INFO] Sent chunk 2010. Total sent: 2108686336/3022387508 bytes
2026-07-15 14:34:37,480 [INFO] Sent chunk 2011. Total sent: 2109734912/3022387508 bytes
2026-07-15 14:34:37,537 [INFO] Sent chunk 2012. Total sent: 2110783488/3022387508 bytes
2026-07-15 14:34:37,564 [INFO] Sent chunk 2013. Total sent: 2111832064/3022387508 bytes
2026-07-15 14:34:37,602 [INFO] Sent chunk 2014. Total sent: 2112880640/3022387508 bytes
2026-07-15 14:34:37,692 [INFO] Sent chunk 2015. Total sent: 2113929216/3022387508 bytes
2026-07-15 14:34:37,708 [INFO] Sent chunk 2016. Total sent: 2114977792/3022387508 bytes
2026-07-15 14:34:37,764 [INFO] Sent chunk 2017. Total sent: 2116026368/3022387508 bytes
2026-07-15 14:34:37,808 [INFO] Sent chunk 2018. Total sent: 2117074944/3022387508 bytes
2026-07-15 14:34:37,867 [INFO] Sent chunk 2019. Total sent: 2118123520/3022387508 bytes
2026-07-15 14:34:37,925 [INFO] Sent chunk 2020. Total sent: 2119172096/3022387508 bytes
2026-07-15 14:34:37,992 [INFO] Sent chunk 2021. Total sent: 2120220672/3022387508 bytes
2026-07-15 14:34:37,996 [INFO] Sent chunk 2022. Total sent: 2121269248/3022387508 bytes
2026-07-15 14:34:38,055 [INFO] Sent chunk 2023. Total sent: 2122317824/3022387508 bytes
2026-07-15 14:34:38,093 [INFO] Sent chunk 2024. Total sent: 2123366400/3022387508 bytes
2026-07-15 14:34:38,105 [INFO] Sent chunk 2025. Total sent: 2124414976/3022387508 bytes
2026-07-15 14:34:38,163 [INFO] Sent chunk 2026. Total sent: 2125463552/3022387508 bytes
2026-07-15 14:34:38,242 [INFO] Sent chunk 2027. Total sent: 2126512128/3022387508 bytes
2026-07-15 14:34:38,268 [INFO] Sent chunk 2028. Total sent: 2127560704/3022387508 bytes
2026-07-15 14:34:38,302 [INFO] Sent chunk 2029. Total sent: 2128609280/3022387508 bytes
2026-07-15 14:34:38,385 [INFO] Sent chunk 2030. Total sent: 2129657856/3022387508 bytes
2026-07-15 14:34:38,421 [INFO] Sent chunk 2031. Total sent: 2130706432/3022387508 bytes
2026-07-15 14:34:38,435 [INFO] Sent chunk 2032. Total sent: 2131755008/3022387508 bytes
2026-07-15 14:34:38,481 [INFO] Sent chunk 2033. Total sent: 2132803584/3022387508 bytes
2026-07-15 14:34:38,546 [INFO] Sent chunk 2034. Total sent: 2133852160/3022387508 bytes
2026-07-15 14:34:38,610 [INFO] Sent chunk 2035. Total sent: 2134900736/3022387508 bytes
2026-07-15 14:34:38,666 [INFO] Sent chunk 2036. Total sent: 2135949312/3022387508 bytes
2026-07-15 14:34:38,738 [INFO] Sent chunk 2037. Total sent: 2136997888/3022387508 bytes
2026-07-15 14:34:38,759 [INFO] Sent chunk 2038. Total sent: 2138046464/3022387508 bytes
2026-07-15 14:34:38,820 [INFO] Sent chunk 2039. Total sent: 2139095040/3022387508 bytes
2026-07-15 14:34:38,884 [INFO] Sent chunk 2040. Total sent: 2140143616/3022387508 bytes
2026-07-15 14:34:38,917 [INFO] Sent chunk 2041. Total sent: 2141192192/3022387508 bytes
2026-07-15 14:34:38,932 [INFO] Sent chunk 2042. Total sent: 2142240768/3022387508 bytes
2026-07-15 14:34:38,995 [INFO] Sent chunk 2043. Total sent: 2143289344/3022387508 bytes
2026-07-15 14:34:39,055 [INFO] Sent chunk 2044. Total sent: 2144337920/3022387508 bytes
2026-07-15 14:34:39,090 [INFO] Sent chunk 2045. Total sent: 2145386496/3022387508 bytes
2026-07-15 14:34:39,096 [INFO] Sent chunk 2046. Total sent: 2146435072/3022387508 bytes
2026-07-15 14:34:39,180 [INFO] Sent chunk 2047. Total sent: 2147483648/3022387508 bytes
2026-07-15 14:34:39,216 [INFO] Sent chunk 2048. Total sent: 2148532224/3022387508 bytes
2026-07-15 14:34:39,243 [INFO] Sent chunk 2049. Total sent: 2149580800/3022387508 bytes
2026-07-15 14:34:39,299 [INFO] Sent chunk 2050. Total sent: 2150629376/3022387508 bytes
2026-07-15 14:34:39,312 [INFO] Sent chunk 2051. Total sent: 2151677952/3022387508 bytes
2026-07-15 14:34:39,380 [INFO] Sent chunk 2052. Total sent: 2152726528/3022387508 bytes
2026-07-15 14:34:39,460 [INFO] Sent chunk 2053. Total sent: 2153775104/3022387508 bytes
2026-07-15 14:34:39,500 [INFO] Sent chunk 2054. Total sent: 2154823680/3022387508 bytes
2026-07-15 14:34:39,506 [INFO] Sent chunk 2055. Total sent: 2155872256/3022387508 bytes
2026-07-15 14:34:39,605 [INFO] Sent chunk 2056. Total sent: 2156920832/3022387508 bytes
2026-07-15 14:34:39,629 [INFO] Sent chunk 2057. Total sent: 2157969408/3022387508 bytes
2026-07-15 14:34:39,688 [INFO] Sent chunk 2058. Total sent: 2159017984/3022387508 bytes
2026-07-15 14:34:39,693 [INFO] Sent chunk 2059. Total sent: 2160066560/3022387508 bytes
2026-07-15 14:34:39,747 [INFO] Sent chunk 2060. Total sent: 2161115136/3022387508 bytes
2026-07-15 14:34:39,799 [INFO] Sent chunk 2061. Total sent: 2162163712/3022387508 bytes
2026-07-15 14:34:39,832 [INFO] Sent chunk 2062. Total sent: 2163212288/3022387508 bytes
2026-07-15 14:34:39,890 [INFO] Sent chunk 2063. Total sent: 2164260864/3022387508 bytes
2026-07-15 14:34:39,959 [INFO] Sent chunk 2064. Total sent: 2165309440/3022387508 bytes
2026-07-15 14:34:39,963 [INFO] Sent chunk 2065. Total sent: 2166358016/3022387508 bytes
2026-07-15 14:34:40,010 [INFO] Sent chunk 2066. Total sent: 2167406592/3022387508 bytes
2026-07-15 14:34:40,100 [INFO] Sent chunk 2067. Total sent: 2168455168/3022387508 bytes
2026-07-15 14:34:40,127 [INFO] Sent chunk 2068. Total sent: 2169503744/3022387508 bytes
2026-07-15 14:34:40,184 [INFO] Sent chunk 2069. Total sent: 2170552320/3022387508 bytes
2026-07-15 14:34:40,218 [INFO] Sent chunk 2070. Total sent: 2171600896/3022387508 bytes
2026-07-15 14:34:40,266 [INFO] Sent chunk 2071. Total sent: 2172649472/3022387508 bytes
2026-07-15 14:34:40,320 [INFO] Sent chunk 2072. Total sent: 2173698048/3022387508 bytes
2026-07-15 14:34:40,355 [INFO] Sent chunk 2073. Total sent: 2174746624/3022387508 bytes
2026-07-15 14:34:40,438 [INFO] Sent chunk 2074. Total sent: 2175795200/3022387508 bytes
2026-07-15 14:34:40,442 [INFO] Sent chunk 2075. Total sent: 2176843776/3022387508 bytes
2026-07-15 14:34:40,526 [INFO] Sent chunk 2076. Total sent: 2177892352/3022387508 bytes
2026-07-15 14:34:40,532 [INFO] Sent chunk 2077. Total sent: 2178940928/3022387508 bytes
2026-07-15 14:34:40,567 [INFO] Sent chunk 2078. Total sent: 2179989504/3022387508 bytes
2026-07-15 14:34:40,666 [INFO] Sent chunk 2079. Total sent: 2181038080/3022387508 bytes
2026-07-15 14:34:40,762 [INFO] Sent chunk 2080. Total sent: 2182086656/3022387508 bytes
2026-07-15 14:34:40,773 [INFO] Sent chunk 2081. Total sent: 2183135232/3022387508 bytes
2026-07-15 14:34:40,825 [INFO] Sent chunk 2082. Total sent: 2184183808/3022387508 bytes
2026-07-15 14:34:40,838 [INFO] Sent chunk 2083. Total sent: 2185232384/3022387508 bytes
2026-07-15 14:34:40,950 [INFO] Sent chunk 2084. Total sent: 2186280960/3022387508 bytes
2026-07-15 14:34:40,976 [INFO] Sent chunk 2085. Total sent: 2187329536/3022387508 bytes
2026-07-15 14:34:41,001 [INFO] Sent chunk 2086. Total sent: 2188378112/3022387508 bytes
2026-07-15 14:34:41,057 [INFO] Sent chunk 2087. Total sent: 2189426688/3022387508 bytes
2026-07-15 14:34:41,117 [INFO] Sent chunk 2088. Total sent: 2190475264/3022387508 bytes
2026-07-15 14:34:41,190 [INFO] Sent chunk 2089. Total sent: 2191523840/3022387508 bytes
2026-07-15 14:34:41,247 [INFO] Sent chunk 2090. Total sent: 2192572416/3022387508 bytes
2026-07-15 14:34:41,290 [INFO] Sent chunk 2091. Total sent: 2193620992/3022387508 bytes
2026-07-15 14:34:41,343 [INFO] Sent chunk 2092. Total sent: 2194669568/3022387508 bytes
2026-07-15 14:34:41,380 [INFO] Sent chunk 2093. Total sent: 2195718144/3022387508 bytes
2026-07-15 14:34:41,405 [INFO] Sent chunk 2094. Total sent: 2196766720/3022387508 bytes
2026-07-15 14:34:41,440 [INFO] Sent chunk 2095. Total sent: 2197815296/3022387508 bytes
2026-07-15 14:34:41,499 [INFO] Sent chunk 2096. Total sent: 2198863872/3022387508 bytes
2026-07-15 14:34:41,575 [INFO] Sent chunk 2097. Total sent: 2199912448/3022387508 bytes
2026-07-15 14:34:41,598 [INFO] Sent chunk 2098. Total sent: 2200961024/3022387508 bytes
2026-07-15 14:34:41,614 [INFO] Sent chunk 2099. Total sent: 2202009600/3022387508 bytes
2026-07-15 14:34:41,706 [INFO] Sent chunk 2100. Total sent: 2203058176/3022387508 bytes
2026-07-15 14:34:41,729 [INFO] Sent chunk 2101. Total sent: 2204106752/3022387508 bytes
2026-07-15 14:34:41,766 [INFO] Sent chunk 2102. Total sent: 2205155328/3022387508 bytes
2026-07-15 14:34:41,838 [INFO] Sent chunk 2103. Total sent: 2206203904/3022387508 bytes
2026-07-15 14:34:41,849 [INFO] Sent chunk 2104. Total sent: 2207252480/3022387508 bytes
2026-07-15 14:34:41,883 [INFO] Sent chunk 2105. Total sent: 2208301056/3022387508 bytes
2026-07-15 14:34:41,986 [INFO] Sent chunk 2106. Total sent: 2209349632/3022387508 bytes
2026-07-15 14:34:41,990 [INFO] Sent chunk 2107. Total sent: 2210398208/3022387508 bytes
2026-07-15 14:34:42,051 [INFO] Sent chunk 2108. Total sent: 2211446784/3022387508 bytes
2026-07-15 14:34:42,118 [INFO] Sent chunk 2109. Total sent: 2212495360/3022387508 bytes
2026-07-15 14:34:42,150 [INFO] Sent chunk 2110. Total sent: 2213543936/3022387508 bytes
2026-07-15 14:34:42,167 [INFO] Sent chunk 2111. Total sent: 2214592512/3022387508 bytes
2026-07-15 14:34:42,215 [INFO] Sent chunk 2112. Total sent: 2215641088/3022387508 bytes
2026-07-15 14:34:42,332 [INFO] Sent chunk 2113. Total sent: 2216689664/3022387508 bytes
2026-07-15 14:34:42,374 [INFO] Sent chunk 2114. Total sent: 2217738240/3022387508 bytes
2026-07-15 14:34:42,393 [INFO] Sent chunk 2115. Total sent: 2218786816/3022387508 bytes
2026-07-15 14:34:42,449 [INFO] Sent chunk 2116. Total sent: 2219835392/3022387508 bytes
2026-07-15 14:34:42,496 [INFO] Sent chunk 2117. Total sent: 2220883968/3022387508 bytes
2026-07-15 14:34:42,541 [INFO] Sent chunk 2118. Total sent: 2221932544/3022387508 bytes
2026-07-15 14:34:42,586 [INFO] Sent chunk 2119. Total sent: 2222981120/3022387508 bytes
2026-07-15 14:34:42,686 [INFO] Sent chunk 2120. Total sent: 2224029696/3022387508 bytes
2026-07-15 14:34:42,696 [INFO] Sent chunk 2121. Total sent: 2225078272/3022387508 bytes
2026-07-15 14:34:42,777 [INFO] Sent chunk 2122. Total sent: 2226126848/3022387508 bytes
2026-07-15 14:34:42,809 [INFO] Sent chunk 2123. Total sent: 2227175424/3022387508 bytes
2026-07-15 14:34:42,848 [INFO] Sent chunk 2124. Total sent: 2228224000/3022387508 bytes
2026-07-15 14:34:42,878 [INFO] Sent chunk 2125. Total sent: 2229272576/3022387508 bytes
2026-07-15 14:34:42,921 [INFO] Sent chunk 2126. Total sent: 2230321152/3022387508 bytes
2026-07-15 14:34:43,031 [INFO] Sent chunk 2127. Total sent: 2231369728/3022387508 bytes
2026-07-15 14:34:43,037 [INFO] Sent chunk 2128. Total sent: 2232418304/3022387508 bytes
2026-07-15 14:34:43,119 [INFO] Sent chunk 2129. Total sent: 2233466880/3022387508 bytes
2026-07-15 14:34:43,129 [INFO] Sent chunk 2130. Total sent: 2234515456/3022387508 bytes
2026-07-15 14:34:43,153 [INFO] Sent chunk 2131. Total sent: 2235564032/3022387508 bytes
2026-07-15 14:34:43,216 [INFO] Sent chunk 2132. Total sent: 2236612608/3022387508 bytes
2026-07-15 14:34:43,299 [INFO] Sent chunk 2133. Total sent: 2237661184/3022387508 bytes
2026-07-15 14:34:43,328 [INFO] Sent chunk 2134. Total sent: 2238709760/3022387508 bytes
2026-07-15 14:34:43,387 [INFO] Sent chunk 2135. Total sent: 2239758336/3022387508 bytes
2026-07-15 14:34:43,429 [INFO] Sent chunk 2136. Total sent: 2240806912/3022387508 bytes
2026-07-15 14:34:43,449 [INFO] Sent chunk 2137. Total sent: 2241855488/3022387508 bytes
2026-07-15 14:34:43,541 [INFO] Sent chunk 2138. Total sent: 2242904064/3022387508 bytes
2026-07-15 14:34:43,578 [INFO] Sent chunk 2139. Total sent: 2243952640/3022387508 bytes
2026-07-15 14:34:43,604 [INFO] Sent chunk 2140. Total sent: 2245001216/3022387508 bytes
2026-07-15 14:34:43,633 [INFO] Sent chunk 2141. Total sent: 2246049792/3022387508 bytes
2026-07-15 14:34:43,732 [INFO] Sent chunk 2142. Total sent: 2247098368/3022387508 bytes
2026-07-15 14:34:43,735 [INFO] Sent chunk 2143. Total sent: 2248146944/3022387508 bytes
2026-07-15 14:34:43,825 [INFO] Sent chunk 2144. Total sent: 2249195520/3022387508 bytes
2026-07-15 14:34:43,870 [INFO] Sent chunk 2145. Total sent: 2250244096/3022387508 bytes
2026-07-15 14:34:43,908 [INFO] Sent chunk 2146. Total sent: 2251292672/3022387508 bytes
2026-07-15 14:34:43,921 [INFO] Sent chunk 2147. Total sent: 2252341248/3022387508 bytes
2026-07-15 14:34:44,003 [INFO] Sent chunk 2148. Total sent: 2253389824/3022387508 bytes
2026-07-15 14:34:44,055 [INFO] Sent chunk 2149. Total sent: 2254438400/3022387508 bytes
2026-07-15 14:34:44,110 [INFO] Sent chunk 2150. Total sent: 2255486976/3022387508 bytes
2026-07-15 14:34:44,134 [INFO] Sent chunk 2151. Total sent: 2256535552/3022387508 bytes
2026-07-15 14:34:44,221 [INFO] Sent chunk 2152. Total sent: 2257584128/3022387508 bytes
2026-07-15 14:34:44,249 [INFO] Sent chunk 2153. Total sent: 2258632704/3022387508 bytes
2026-07-15 14:34:44,341 [INFO] Sent chunk 2154. Total sent: 2259681280/3022387508 bytes
2026-07-15 14:34:44,406 [INFO] Sent chunk 2155. Total sent: 2260729856/3022387508 bytes
2026-07-15 14:34:44,484 [INFO] Sent chunk 2156. Total sent: 2261778432/3022387508 bytes
2026-07-15 14:34:44,486 [INFO] Sent chunk 2157. Total sent: 2262827008/3022387508 bytes
2026-07-15 14:34:44,562 [INFO] Sent chunk 2158. Total sent: 2263875584/3022387508 bytes
2026-07-15 14:34:44,608 [INFO] Sent chunk 2159. Total sent: 2264924160/3022387508 bytes
2026-07-15 14:34:44,672 [INFO] Sent chunk 2160. Total sent: 2265972736/3022387508 bytes
2026-07-15 14:34:44,686 [INFO] Sent chunk 2161. Total sent: 2267021312/3022387508 bytes
2026-07-15 14:34:44,726 [INFO] Sent chunk 2162. Total sent: 2268069888/3022387508 bytes
2026-07-15 14:34:44,788 [INFO] Sent chunk 2163. Total sent: 2269118464/3022387508 bytes
2026-07-15 14:34:44,870 [INFO] Sent chunk 2164. Total sent: 2270167040/3022387508 bytes
2026-07-15 14:34:44,946 [INFO] Sent chunk 2165. Total sent: 2271215616/3022387508 bytes
2026-07-15 14:34:45,004 [INFO] Sent chunk 2166. Total sent: 2272264192/3022387508 bytes
2026-07-15 14:34:45,107 [INFO] Sent chunk 2167. Total sent: 2273312768/3022387508 bytes
2026-07-15 14:34:45,197 [INFO] Sent chunk 2168. Total sent: 2274361344/3022387508 bytes
2026-07-15 14:34:45,202 [INFO] Sent chunk 2169. Total sent: 2275409920/3022387508 bytes
2026-07-15 14:34:45,312 [INFO] Sent chunk 2170. Total sent: 2276458496/3022387508 bytes
2026-07-15 14:34:45,326 [INFO] Sent chunk 2171. Total sent: 2277507072/3022387508 bytes
2026-07-15 14:34:45,457 [INFO] Sent chunk 2172. Total sent: 2278555648/3022387508 bytes
2026-07-15 14:34:45,479 [INFO] Sent chunk 2173. Total sent: 2279604224/3022387508 bytes
2026-07-15 14:34:45,582 [INFO] Sent chunk 2174. Total sent: 2280652800/3022387508 bytes
2026-07-15 14:34:45,586 [INFO] Sent chunk 2175. Total sent: 2281701376/3022387508 bytes
2026-07-15 14:34:45,625 [INFO] Sent chunk 2176. Total sent: 2282749952/3022387508 bytes
2026-07-15 14:34:45,670 [INFO] Sent chunk 2177. Total sent: 2283798528/3022387508 bytes
2026-07-15 14:34:45,740 [INFO] Sent chunk 2178. Total sent: 2284847104/3022387508 bytes
2026-07-15 14:34:45,755 [INFO] Sent chunk 2179. Total sent: 2285895680/3022387508 bytes
2026-07-15 14:34:45,804 [INFO] Sent chunk 2180. Total sent: 2286944256/3022387508 bytes
2026-07-15 14:34:45,819 [INFO] Sent chunk 2181. Total sent: 2287992832/3022387508 bytes
2026-07-15 14:34:45,916 [INFO] Sent chunk 2182. Total sent: 2289041408/3022387508 bytes
2026-07-15 14:34:45,918 [INFO] Sent chunk 2183. Total sent: 2290089984/3022387508 bytes
2026-07-15 14:34:45,993 [INFO] Sent chunk 2184. Total sent: 2291138560/3022387508 bytes
2026-07-15 14:34:45,996 [INFO] Sent chunk 2185. Total sent: 2292187136/3022387508 bytes
2026-07-15 14:34:46,039 [INFO] Sent chunk 2186. Total sent: 2293235712/3022387508 bytes
2026-07-15 14:34:46,167 [INFO] Sent chunk 2187. Total sent: 2294284288/3022387508 bytes
2026-07-15 14:34:46,183 [INFO] Sent chunk 2188. Total sent: 2295332864/3022387508 bytes
2026-07-15 14:34:46,253 [INFO] Sent chunk 2189. Total sent: 2296381440/3022387508 bytes
2026-07-15 14:34:46,285 [INFO] Sent chunk 2190. Total sent: 2297430016/3022387508 bytes
2026-07-15 14:34:46,298 [INFO] Sent chunk 2191. Total sent: 2298478592/3022387508 bytes
2026-07-15 14:34:46,350 [INFO] Sent chunk 2192. Total sent: 2299527168/3022387508 bytes
2026-07-15 14:34:46,395 [INFO] Sent chunk 2193. Total sent: 2300575744/3022387508 bytes
2026-07-15 14:34:46,487 [INFO] Sent chunk 2194. Total sent: 2301624320/3022387508 bytes
2026-07-15 14:34:46,555 [INFO] Sent chunk 2195. Total sent: 2302672896/3022387508 bytes
2026-07-15 14:34:46,565 [INFO] Sent chunk 2196. Total sent: 2303721472/3022387508 bytes
2026-07-15 14:34:46,597 [INFO] Sent chunk 2197. Total sent: 2304770048/3022387508 bytes
2026-07-15 14:34:46,707 [INFO] Sent chunk 2198. Total sent: 2305818624/3022387508 bytes
2026-07-15 14:34:46,711 [INFO] Sent chunk 2199. Total sent: 2306867200/3022387508 bytes
2026-07-15 14:34:46,779 [INFO] Sent chunk 2200. Total sent: 2307915776/3022387508 bytes
2026-07-15 14:34:46,810 [INFO] Sent chunk 2201. Total sent: 2308964352/3022387508 bytes
2026-07-15 14:34:46,871 [INFO] Sent chunk 2202. Total sent: 2310012928/3022387508 bytes
2026-07-15 14:34:46,913 [INFO] Sent chunk 2203. Total sent: 2311061504/3022387508 bytes
2026-07-15 14:34:47,005 [INFO] Sent chunk 2204. Total sent: 2312110080/3022387508 bytes
2026-07-15 14:34:47,027 [INFO] Sent chunk 2205. Total sent: 2313158656/3022387508 bytes
2026-07-15 14:34:47,122 [INFO] Sent chunk 2206. Total sent: 2314207232/3022387508 bytes
2026-07-15 14:34:47,130 [INFO] Sent chunk 2207. Total sent: 2315255808/3022387508 bytes
2026-07-15 14:34:47,180 [INFO] Sent chunk 2208. Total sent: 2316304384/3022387508 bytes
2026-07-15 14:34:47,249 [INFO] Sent chunk 2209. Total sent: 2317352960/3022387508 bytes
2026-07-15 14:34:47,314 [INFO] Sent chunk 2210. Total sent: 2318401536/3022387508 bytes
2026-07-15 14:34:47,388 [INFO] Sent chunk 2211. Total sent: 2319450112/3022387508 bytes
2026-07-15 14:34:47,392 [INFO] Sent chunk 2212. Total sent: 2320498688/3022387508 bytes
2026-07-15 14:34:47,436 [INFO] Sent chunk 2213. Total sent: 2321547264/3022387508 bytes
2026-07-15 14:34:47,527 [INFO] Sent chunk 2214. Total sent: 2322595840/3022387508 bytes
2026-07-15 14:34:47,602 [INFO] Sent chunk 2215. Total sent: 2323644416/3022387508 bytes
2026-07-15 14:34:47,609 [INFO] Sent chunk 2216. Total sent: 2324692992/3022387508 bytes
2026-07-15 14:34:47,664 [INFO] Sent chunk 2217. Total sent: 2325741568/3022387508 bytes
2026-07-15 14:34:47,746 [INFO] Sent chunk 2218. Total sent: 2326790144/3022387508 bytes
2026-07-15 14:34:47,785 [INFO] Sent chunk 2219. Total sent: 2327838720/3022387508 bytes
2026-07-15 14:34:47,828 [INFO] Sent chunk 2220. Total sent: 2328887296/3022387508 bytes
2026-07-15 14:34:47,926 [INFO] Sent chunk 2221. Total sent: 2329935872/3022387508 bytes
2026-07-15 14:34:47,980 [INFO] Sent chunk 2222. Total sent: 2330984448/3022387508 bytes
2026-07-15 14:34:48,068 [INFO] Sent chunk 2223. Total sent: 2332033024/3022387508 bytes
2026-07-15 14:34:48,103 [INFO] Sent chunk 2224. Total sent: 2333081600/3022387508 bytes
2026-07-15 14:34:48,147 [INFO] Sent chunk 2225. Total sent: 2334130176/3022387508 bytes
2026-07-15 14:34:48,204 [INFO] Sent chunk 2226. Total sent: 2335178752/3022387508 bytes
2026-07-15 14:34:48,263 [INFO] Sent chunk 2227. Total sent: 2336227328/3022387508 bytes
2026-07-15 14:34:48,341 [INFO] Sent chunk 2228. Total sent: 2337275904/3022387508 bytes
2026-07-15 14:34:48,390 [INFO] Sent chunk 2229. Total sent: 2338324480/3022387508 bytes
2026-07-15 14:34:48,508 [INFO] Sent chunk 2230. Total sent: 2339373056/3022387508 bytes
2026-07-15 14:34:48,619 [INFO] Sent chunk 2231. Total sent: 2340421632/3022387508 bytes
2026-07-15 14:34:48,682 [INFO] Sent chunk 2232. Total sent: 2341470208/3022387508 bytes
2026-07-15 14:34:48,702 [INFO] Sent chunk 2233. Total sent: 2342518784/3022387508 bytes
2026-07-15 14:34:48,731 [INFO] Sent chunk 2234. Total sent: 2343567360/3022387508 bytes
2026-07-15 14:34:48,826 [INFO] Sent chunk 2235. Total sent: 2344615936/3022387508 bytes
2026-07-15 14:34:48,854 [INFO] Sent chunk 2236. Total sent: 2345664512/3022387508 bytes
2026-07-15 14:34:48,890 [INFO] Sent chunk 2237. Total sent: 2346713088/3022387508 bytes
2026-07-15 14:34:48,932 [INFO] Sent chunk 2238. Total sent: 2347761664/3022387508 bytes
2026-07-15 14:34:49,034 [INFO] Sent chunk 2239. Total sent: 2348810240/3022387508 bytes
2026-07-15 14:34:49,066 [INFO] Sent chunk 2240. Total sent: 2349858816/3022387508 bytes
2026-07-15 14:34:49,100 [INFO] Sent chunk 2241. Total sent: 2350907392/3022387508 bytes
2026-07-15 14:34:49,175 [INFO] Sent chunk 2242. Total sent: 2351955968/3022387508 bytes
2026-07-15 14:34:49,228 [INFO] Sent chunk 2243. Total sent: 2353004544/3022387508 bytes
2026-07-15 14:34:49,289 [INFO] Sent chunk 2244. Total sent: 2354053120/3022387508 bytes
2026-07-15 14:34:49,358 [INFO] Sent chunk 2245. Total sent: 2355101696/3022387508 bytes
2026-07-15 14:34:49,361 [INFO] Sent chunk 2246. Total sent: 2356150272/3022387508 bytes
2026-07-15 14:34:49,454 [INFO] Sent chunk 2247. Total sent: 2357198848/3022387508 bytes
2026-07-15 14:34:49,467 [INFO] Sent chunk 2248. Total sent: 2358247424/3022387508 bytes
2026-07-15 14:34:49,549 [INFO] Sent chunk 2249. Total sent: 2359296000/3022387508 bytes
2026-07-15 14:34:49,553 [INFO] Sent chunk 2250. Total sent: 2360344576/3022387508 bytes
2026-07-15 14:34:49,602 [INFO] Sent chunk 2251. Total sent: 2361393152/3022387508 bytes
2026-07-15 14:34:49,663 [INFO] Sent chunk 2252. Total sent: 2362441728/3022387508 bytes
2026-07-15 14:34:49,724 [INFO] Sent chunk 2253. Total sent: 2363490304/3022387508 bytes
2026-07-15 14:34:49,759 [INFO] Sent chunk 2254. Total sent: 2364538880/3022387508 bytes
2026-07-15 14:34:49,775 [INFO] Sent chunk 2255. Total sent: 2365587456/3022387508 bytes
2026-07-15 14:34:49,874 [INFO] Sent chunk 2256. Total sent: 2366636032/3022387508 bytes
2026-07-15 14:34:49,919 [INFO] Sent chunk 2257. Total sent: 2367684608/3022387508 bytes
2026-07-15 14:34:49,985 [INFO] Sent chunk 2258. Total sent: 2368733184/3022387508 bytes
2026-07-15 14:34:50,030 [INFO] Sent chunk 2259. Total sent: 2369781760/3022387508 bytes
2026-07-15 14:34:50,075 [INFO] Sent chunk 2260. Total sent: 2370830336/3022387508 bytes
2026-07-15 14:34:50,140 [INFO] Sent chunk 2261. Total sent: 2371878912/3022387508 bytes
2026-07-15 14:34:50,182 [INFO] Sent chunk 2262. Total sent: 2372927488/3022387508 bytes
2026-07-15 14:34:50,223 [INFO] Sent chunk 2263. Total sent: 2373976064/3022387508 bytes
2026-07-15 14:34:50,291 [INFO] Sent chunk 2264. Total sent: 2375024640/3022387508 bytes
2026-07-15 14:34:50,295 [INFO] Sent chunk 2265. Total sent: 2376073216/3022387508 bytes
2026-07-15 14:34:50,396 [INFO] Sent chunk 2266. Total sent: 2377121792/3022387508 bytes
2026-07-15 14:34:50,400 [INFO] Sent chunk 2267. Total sent: 2378170368/3022387508 bytes
2026-07-15 14:34:50,434 [INFO] Sent chunk 2268. Total sent: 2379218944/3022387508 bytes
2026-07-15 14:34:50,498 [INFO] Sent chunk 2269. Total sent: 2380267520/3022387508 bytes
2026-07-15 14:34:50,552 [INFO] Sent chunk 2270. Total sent: 2381316096/3022387508 bytes
2026-07-15 14:34:50,619 [INFO] Sent chunk 2271. Total sent: 2382364672/3022387508 bytes
2026-07-15 14:34:50,623 [INFO] Sent chunk 2272. Total sent: 2383413248/3022387508 bytes
2026-07-15 14:34:50,716 [INFO] Sent chunk 2273. Total sent: 2384461824/3022387508 bytes
2026-07-15 14:34:50,769 [INFO] Sent chunk 2274. Total sent: 2385510400/3022387508 bytes
2026-07-15 14:34:50,849 [INFO] Sent chunk 2275. Total sent: 2386558976/3022387508 bytes
2026-07-15 14:34:50,853 [INFO] Sent chunk 2276. Total sent: 2387607552/3022387508 bytes
2026-07-15 14:34:50,901 [INFO] Sent chunk 2277. Total sent: 2388656128/3022387508 bytes
2026-07-15 14:34:50,937 [INFO] Sent chunk 2278. Total sent: 2389704704/3022387508 bytes
2026-07-15 14:34:50,988 [INFO] Sent chunk 2279. Total sent: 2390753280/3022387508 bytes
2026-07-15 14:34:51,079 [INFO] Sent chunk 2280. Total sent: 2391801856/3022387508 bytes
2026-07-15 14:34:51,121 [INFO] Sent chunk 2281. Total sent: 2392850432/3022387508 bytes
2026-07-15 14:34:51,213 [INFO] Sent chunk 2282. Total sent: 2393899008/3022387508 bytes
2026-07-15 14:34:51,217 [INFO] Sent chunk 2283. Total sent: 2394947584/3022387508 bytes
2026-07-15 14:34:51,249 [INFO] Sent chunk 2284. Total sent: 2395996160/3022387508 bytes
2026-07-15 14:34:51,331 [INFO] Sent chunk 2285. Total sent: 2397044736/3022387508 bytes
2026-07-15 14:34:51,423 [INFO] Sent chunk 2286. Total sent: 2398093312/3022387508 bytes
2026-07-15 14:34:51,437 [INFO] Sent chunk 2287. Total sent: 2399141888/3022387508 bytes
2026-07-15 14:34:51,477 [INFO] Sent chunk 2288. Total sent: 2400190464/3022387508 bytes
2026-07-15 14:34:51,536 [INFO] Sent chunk 2289. Total sent: 2401239040/3022387508 bytes
2026-07-15 14:34:51,612 [INFO] Sent chunk 2290. Total sent: 2402287616/3022387508 bytes
2026-07-15 14:34:51,647 [INFO] Sent chunk 2291. Total sent: 2403336192/3022387508 bytes
2026-07-15 14:34:51,764 [INFO] Sent chunk 2292. Total sent: 2404384768/3022387508 bytes
2026-07-15 14:34:51,781 [INFO] Sent chunk 2293. Total sent: 2405433344/3022387508 bytes
2026-07-15 14:34:51,832 [INFO] Sent chunk 2294. Total sent: 2406481920/3022387508 bytes
2026-07-15 14:34:51,892 [INFO] Sent chunk 2295. Total sent: 2407530496/3022387508 bytes
2026-07-15 14:34:51,984 [INFO] Sent chunk 2296. Total sent: 2408579072/3022387508 bytes
2026-07-15 14:34:51,999 [INFO] Sent chunk 2297. Total sent: 2409627648/3022387508 bytes
2026-07-15 14:34:52,050 [INFO] Sent chunk 2298. Total sent: 2410676224/3022387508 bytes
2026-07-15 14:34:52,189 [INFO] Sent chunk 2299. Total sent: 2411724800/3022387508 bytes
2026-07-15 14:34:52,191 [INFO] Sent chunk 2300. Total sent: 2412773376/3022387508 bytes
2026-07-15 14:34:52,277 [INFO] Sent chunk 2301. Total sent: 2413821952/3022387508 bytes
2026-07-15 14:34:52,289 [INFO] Sent chunk 2302. Total sent: 2414870528/3022387508 bytes
2026-07-15 14:34:52,376 [INFO] Sent chunk 2303. Total sent: 2415919104/3022387508 bytes
2026-07-15 14:34:52,396 [INFO] Sent chunk 2304. Total sent: 2416967680/3022387508 bytes
2026-07-15 14:34:52,451 [INFO] Sent chunk 2305. Total sent: 2418016256/3022387508 bytes
2026-07-15 14:34:52,499 [INFO] Sent chunk 2306. Total sent: 2419064832/3022387508 bytes
2026-07-15 14:34:52,545 [INFO] Sent chunk 2307. Total sent: 2420113408/3022387508 bytes
2026-07-15 14:34:52,595 [INFO] Sent chunk 2308. Total sent: 2421161984/3022387508 bytes
2026-07-15 14:34:52,611 [INFO] Sent chunk 2309. Total sent: 2422210560/3022387508 bytes
2026-07-15 14:34:52,654 [INFO] Sent chunk 2310. Total sent: 2423259136/3022387508 bytes
2026-07-15 14:34:52,754 [INFO] Sent chunk 2311. Total sent: 2424307712/3022387508 bytes
2026-07-15 14:34:52,757 [INFO] Sent chunk 2312. Total sent: 2425356288/3022387508 bytes
2026-07-15 14:34:52,831 [INFO] Sent chunk 2313. Total sent: 2426404864/3022387508 bytes
2026-07-15 14:34:52,869 [INFO] Sent chunk 2314. Total sent: 2427453440/3022387508 bytes
2026-07-15 14:34:52,937 [INFO] Sent chunk 2315. Total sent: 2428502016/3022387508 bytes
2026-07-15 14:34:52,940 [INFO] Sent chunk 2316. Total sent: 2429550592/3022387508 bytes
2026-07-15 14:34:52,999 [INFO] Sent chunk 2317. Total sent: 2430599168/3022387508 bytes
2026-07-15 14:34:53,052 [INFO] Sent chunk 2318. Total sent: 2431647744/3022387508 bytes
2026-07-15 14:34:53,120 [INFO] Sent chunk 2319. Total sent: 2432696320/3022387508 bytes
2026-07-15 14:34:53,170 [INFO] Sent chunk 2320. Total sent: 2433744896/3022387508 bytes
2026-07-15 14:34:53,180 [INFO] Sent chunk 2321. Total sent: 2434793472/3022387508 bytes
2026-07-15 14:34:53,274 [INFO] Sent chunk 2322. Total sent: 2435842048/3022387508 bytes
2026-07-15 14:34:53,310 [INFO] Sent chunk 2323. Total sent: 2436890624/3022387508 bytes
2026-07-15 14:34:53,351 [INFO] Sent chunk 2324. Total sent: 2437939200/3022387508 bytes
2026-07-15 14:34:53,370 [INFO] Sent chunk 2325. Total sent: 2438987776/3022387508 bytes
2026-07-15 14:34:53,452 [INFO] Sent chunk 2326. Total sent: 2440036352/3022387508 bytes
2026-07-15 14:34:53,532 [INFO] Sent chunk 2327. Total sent: 2441084928/3022387508 bytes
2026-07-15 14:34:53,535 [INFO] Sent chunk 2328. Total sent: 2442133504/3022387508 bytes
2026-07-15 14:34:53,538 [INFO] Sent chunk 2329. Total sent: 2443182080/3022387508 bytes
2026-07-15 14:34:53,640 [INFO] Sent chunk 2330. Total sent: 2444230656/3022387508 bytes
2026-07-15 14:34:53,663 [INFO] Sent chunk 2331. Total sent: 2445279232/3022387508 bytes
2026-07-15 14:34:53,735 [INFO] Sent chunk 2332. Total sent: 2446327808/3022387508 bytes
2026-07-15 14:34:53,750 [INFO] Sent chunk 2333. Total sent: 2447376384/3022387508 bytes
2026-07-15 14:34:53,790 [INFO] Sent chunk 2334. Total sent: 2448424960/3022387508 bytes
2026-07-15 14:34:53,827 [INFO] Sent chunk 2335. Total sent: 2449473536/3022387508 bytes
2026-07-15 14:34:53,902 [INFO] Sent chunk 2336. Total sent: 2450522112/3022387508 bytes
2026-07-15 14:34:53,964 [INFO] Sent chunk 2337. Total sent: 2451570688/3022387508 bytes
2026-07-15 14:34:53,984 [INFO] Sent chunk 2338. Total sent: 2452619264/3022387508 bytes
2026-07-15 14:34:54,039 [INFO] Sent chunk 2339. Total sent: 2453667840/3022387508 bytes
2026-07-15 14:34:54,108 [INFO] Sent chunk 2340. Total sent: 2454716416/3022387508 bytes
2026-07-15 14:34:54,112 [INFO] Sent chunk 2341. Total sent: 2455764992/3022387508 bytes
2026-07-15 14:34:54,185 [INFO] Sent chunk 2342. Total sent: 2456813568/3022387508 bytes
2026-07-15 14:34:54,262 [INFO] Sent chunk 2343. Total sent: 2457862144/3022387508 bytes
2026-07-15 14:34:54,267 [INFO] Sent chunk 2344. Total sent: 2458910720/3022387508 bytes
2026-07-15 14:34:54,343 [INFO] Sent chunk 2345. Total sent: 2459959296/3022387508 bytes
2026-07-15 14:34:54,380 [INFO] Sent chunk 2346. Total sent: 2461007872/3022387508 bytes
2026-07-15 14:34:54,419 [INFO] Sent chunk 2347. Total sent: 2462056448/3022387508 bytes
2026-07-15 14:34:54,475 [INFO] Sent chunk 2348. Total sent: 2463105024/3022387508 bytes
2026-07-15 14:34:54,520 [INFO] Sent chunk 2349. Total sent: 2464153600/3022387508 bytes
2026-07-15 14:34:54,525 [INFO] Sent chunk 2350. Total sent: 2465202176/3022387508 bytes
2026-07-15 14:34:54,554 [INFO] Sent chunk 2351. Total sent: 2466250752/3022387508 bytes
2026-07-15 14:34:54,644 [INFO] Sent chunk 2352. Total sent: 2467299328/3022387508 bytes
2026-07-15 14:34:54,677 [INFO] Sent chunk 2353. Total sent: 2468347904/3022387508 bytes
2026-07-15 14:34:54,722 [INFO] Sent chunk 2354. Total sent: 2469396480/3022387508 bytes
2026-07-15 14:34:54,735 [INFO] Sent chunk 2355. Total sent: 2470445056/3022387508 bytes
2026-07-15 14:34:54,805 [INFO] Sent chunk 2356. Total sent: 2471493632/3022387508 bytes
2026-07-15 14:34:54,895 [INFO] Sent chunk 2357. Total sent: 2472542208/3022387508 bytes
2026-07-15 14:34:54,941 [INFO] Sent chunk 2358. Total sent: 2473590784/3022387508 bytes
2026-07-15 14:34:54,951 [INFO] Sent chunk 2359. Total sent: 2474639360/3022387508 bytes
2026-07-15 14:34:54,983 [INFO] Sent chunk 2360. Total sent: 2475687936/3022387508 bytes
2026-07-15 14:34:55,050 [INFO] Sent chunk 2361. Total sent: 2476736512/3022387508 bytes
2026-07-15 14:34:55,118 [INFO] Sent chunk 2362. Total sent: 2477785088/3022387508 bytes
2026-07-15 14:34:55,122 [INFO] Sent chunk 2363. Total sent: 2478833664/3022387508 bytes
2026-07-15 14:34:55,211 [INFO] Sent chunk 2364. Total sent: 2479882240/3022387508 bytes
2026-07-15 14:34:55,239 [INFO] Sent chunk 2365. Total sent: 2480930816/3022387508 bytes
2026-07-15 14:34:55,327 [INFO] Sent chunk 2366. Total sent: 2481979392/3022387508 bytes
2026-07-15 14:34:55,350 [INFO] Sent chunk 2367. Total sent: 2483027968/3022387508 bytes
2026-07-15 14:34:55,365 [INFO] Sent chunk 2368. Total sent: 2484076544/3022387508 bytes
2026-07-15 14:34:55,394 [INFO] Sent chunk 2369. Total sent: 2485125120/3022387508 bytes
2026-07-15 14:34:55,474 [INFO] Sent chunk 2370. Total sent: 2486173696/3022387508 bytes
2026-07-15 14:34:55,520 [INFO] Sent chunk 2371. Total sent: 2487222272/3022387508 bytes
2026-07-15 14:34:55,522 [INFO] Sent chunk 2372. Total sent: 2488270848/3022387508 bytes
2026-07-15 14:34:55,623 [INFO] Sent chunk 2373. Total sent: 2489319424/3022387508 bytes
2026-07-15 14:34:55,643 [INFO] Sent chunk 2374. Total sent: 2490368000/3022387508 bytes
2026-07-15 14:34:55,682 [INFO] Sent chunk 2375. Total sent: 2491416576/3022387508 bytes
2026-07-15 14:34:55,699 [INFO] Sent chunk 2376. Total sent: 2492465152/3022387508 bytes
2026-07-15 14:34:55,747 [INFO] Sent chunk 2377. Total sent: 2493513728/3022387508 bytes
2026-07-15 14:34:55,826 [INFO] Sent chunk 2378. Total sent: 2494562304/3022387508 bytes
2026-07-15 14:34:55,830 [INFO] Sent chunk 2379. Total sent: 2495610880/3022387508 bytes
2026-07-15 14:34:55,929 [INFO] Sent chunk 2380. Total sent: 2496659456/3022387508 bytes
2026-07-15 14:34:55,967 [INFO] Sent chunk 2381. Total sent: 2497708032/3022387508 bytes
2026-07-15 14:34:56,002 [INFO] Sent chunk 2382. Total sent: 2498756608/3022387508 bytes
2026-07-15 14:34:56,047 [INFO] Sent chunk 2383. Total sent: 2499805184/3022387508 bytes
2026-07-15 14:34:56,130 [INFO] Sent chunk 2384. Total sent: 2500853760/3022387508 bytes
2026-07-15 14:34:56,133 [INFO] Sent chunk 2385. Total sent: 2501902336/3022387508 bytes
2026-07-15 14:34:56,218 [INFO] Sent chunk 2386. Total sent: 2502950912/3022387508 bytes
2026-07-15 14:34:56,252 [INFO] Sent chunk 2387. Total sent: 2503999488/3022387508 bytes
2026-07-15 14:34:56,304 [INFO] Sent chunk 2388. Total sent: 2505048064/3022387508 bytes
2026-07-15 14:34:56,335 [INFO] Sent chunk 2389. Total sent: 2506096640/3022387508 bytes
2026-07-15 14:34:56,434 [INFO] Sent chunk 2390. Total sent: 2507145216/3022387508 bytes
2026-07-15 14:34:56,489 [INFO] Sent chunk 2391. Total sent: 2508193792/3022387508 bytes
2026-07-15 14:34:56,536 [INFO] Sent chunk 2392. Total sent: 2509242368/3022387508 bytes
2026-07-15 14:34:56,552 [INFO] Sent chunk 2393. Total sent: 2510290944/3022387508 bytes
2026-07-15 14:34:56,594 [INFO] Sent chunk 2394. Total sent: 2511339520/3022387508 bytes
2026-07-15 14:34:56,669 [INFO] Sent chunk 2395. Total sent: 2512388096/3022387508 bytes
2026-07-15 14:34:56,706 [INFO] Sent chunk 2396. Total sent: 2513436672/3022387508 bytes
2026-07-15 14:34:56,829 [INFO] Sent chunk 2397. Total sent: 2514485248/3022387508 bytes
2026-07-15 14:34:56,876 [INFO] Sent chunk 2398. Total sent: 2515533824/3022387508 bytes
2026-07-15 14:34:56,882 [INFO] Sent chunk 2399. Total sent: 2516582400/3022387508 bytes
2026-07-15 14:34:56,925 [INFO] Sent chunk 2400. Total sent: 2517630976/3022387508 bytes
2026-07-15 14:34:57,029 [INFO] Sent chunk 2401. Total sent: 2518679552/3022387508 bytes
2026-07-15 14:34:57,081 [INFO] Sent chunk 2402. Total sent: 2519728128/3022387508 bytes
2026-07-15 14:34:57,111 [INFO] Sent chunk 2403. Total sent: 2520776704/3022387508 bytes
2026-07-15 14:34:57,202 [INFO] Sent chunk 2404. Total sent: 2521825280/3022387508 bytes
2026-07-15 14:34:57,263 [INFO] Sent chunk 2405. Total sent: 2522873856/3022387508 bytes
2026-07-15 14:34:57,364 [INFO] Sent chunk 2406. Total sent: 2523922432/3022387508 bytes
2026-07-15 14:34:57,370 [INFO] Sent chunk 2407. Total sent: 2524971008/3022387508 bytes
2026-07-15 14:34:57,479 [INFO] Sent chunk 2408. Total sent: 2526019584/3022387508 bytes
2026-07-15 14:34:57,484 [INFO] Sent chunk 2409. Total sent: 2527068160/3022387508 bytes
2026-07-15 14:34:57,514 [INFO] Sent chunk 2410. Total sent: 2528116736/3022387508 bytes
2026-07-15 14:34:57,644 [INFO] Sent chunk 2411. Total sent: 2529165312/3022387508 bytes
2026-07-15 14:34:57,647 [INFO] Sent chunk 2412. Total sent: 2530213888/3022387508 bytes
2026-07-15 14:34:57,667 [INFO] Sent chunk 2413. Total sent: 2531262464/3022387508 bytes
2026-07-15 14:34:57,702 [INFO] Sent chunk 2414. Total sent: 2532311040/3022387508 bytes
2026-07-15 14:34:57,763 [INFO] Sent chunk 2415. Total sent: 2533359616/3022387508 bytes
2026-07-15 14:34:57,881 [INFO] Sent chunk 2416. Total sent: 2534408192/3022387508 bytes
2026-07-15 14:34:57,893 [INFO] Sent chunk 2417. Total sent: 2535456768/3022387508 bytes
2026-07-15 14:34:57,901 [INFO] Sent chunk 2418. Total sent: 2536505344/3022387508 bytes
2026-07-15 14:34:57,984 [INFO] Sent chunk 2419. Total sent: 2537553920/3022387508 bytes
2026-07-15 14:34:58,012 [INFO] Sent chunk 2420. Total sent: 2538602496/3022387508 bytes
2026-07-15 14:34:58,041 [INFO] Sent chunk 2421. Total sent: 2539651072/3022387508 bytes
2026-07-15 14:34:58,090 [INFO] Sent chunk 2422. Total sent: 2540699648/3022387508 bytes
2026-07-15 14:34:58,167 [INFO] Sent chunk 2423. Total sent: 2541748224/3022387508 bytes
2026-07-15 14:34:58,192 [INFO] Sent chunk 2424. Total sent: 2542796800/3022387508 bytes
2026-07-15 14:34:58,240 [INFO] Sent chunk 2425. Total sent: 2543845376/3022387508 bytes
2026-07-15 14:34:58,278 [INFO] Sent chunk 2426. Total sent: 2544893952/3022387508 bytes
2026-07-15 14:34:58,298 [INFO] Sent chunk 2427. Total sent: 2545942528/3022387508 bytes
2026-07-15 14:34:58,353 [INFO] Sent chunk 2428. Total sent: 2546991104/3022387508 bytes
2026-07-15 14:34:58,381 [INFO] Sent chunk 2429. Total sent: 2548039680/3022387508 bytes
2026-07-15 14:34:58,500 [INFO] Sent chunk 2430. Total sent: 2549088256/3022387508 bytes
2026-07-15 14:34:58,503 [INFO] Sent chunk 2431. Total sent: 2550136832/3022387508 bytes
2026-07-15 14:34:58,531 [INFO] Sent chunk 2432. Total sent: 2551185408/3022387508 bytes
2026-07-15 14:34:58,619 [INFO] Sent chunk 2433. Total sent: 2552233984/3022387508 bytes
2026-07-15 14:34:58,665 [INFO] Sent chunk 2434. Total sent: 2553282560/3022387508 bytes
2026-07-15 14:34:58,727 [INFO] Sent chunk 2435. Total sent: 2554331136/3022387508 bytes
2026-07-15 14:34:58,792 [INFO] Sent chunk 2436. Total sent: 2555379712/3022387508 bytes
2026-07-15 14:34:58,868 [INFO] Sent chunk 2437. Total sent: 2556428288/3022387508 bytes
2026-07-15 14:34:58,885 [INFO] Sent chunk 2438. Total sent: 2557476864/3022387508 bytes
2026-07-15 14:34:58,925 [INFO] Sent chunk 2439. Total sent: 2558525440/3022387508 bytes
2026-07-15 14:34:58,987 [INFO] Sent chunk 2440. Total sent: 2559574016/3022387508 bytes
2026-07-15 14:34:59,033 [INFO] Sent chunk 2441. Total sent: 2560622592/3022387508 bytes
2026-07-15 14:34:59,113 [INFO] Sent chunk 2442. Total sent: 2561671168/3022387508 bytes
2026-07-15 14:34:59,141 [INFO] Sent chunk 2443. Total sent: 2562719744/3022387508 bytes
2026-07-15 14:34:59,144 [INFO] Sent chunk 2444. Total sent: 2563768320/3022387508 bytes
2026-07-15 14:34:59,188 [INFO] Sent chunk 2445. Total sent: 2564816896/3022387508 bytes
2026-07-15 14:34:59,247 [INFO] Sent chunk 2446. Total sent: 2565865472/3022387508 bytes
2026-07-15 14:34:59,343 [INFO] Sent chunk 2447. Total sent: 2566914048/3022387508 bytes
2026-07-15 14:34:59,392 [INFO] Sent chunk 2448. Total sent: 2567962624/3022387508 bytes
2026-07-15 14:34:59,404 [INFO] Sent chunk 2449. Total sent: 2569011200/3022387508 bytes
2026-07-15 14:34:59,466 [INFO] Sent chunk 2450. Total sent: 2570059776/3022387508 bytes
2026-07-15 14:34:59,551 [INFO] Sent chunk 2451. Total sent: 2571108352/3022387508 bytes
2026-07-15 14:34:59,556 [INFO] Sent chunk 2452. Total sent: 2572156928/3022387508 bytes
2026-07-15 14:34:59,594 [INFO] Sent chunk 2453. Total sent: 2573205504/3022387508 bytes
2026-07-15 14:34:59,652 [INFO] Sent chunk 2454. Total sent: 2574254080/3022387508 bytes
2026-07-15 14:34:59,660 [INFO] Sent chunk 2455. Total sent: 2575302656/3022387508 bytes
2026-07-15 14:34:59,693 [INFO] Sent chunk 2456. Total sent: 2576351232/3022387508 bytes
2026-07-15 14:34:59,786 [INFO] Sent chunk 2457. Total sent: 2577399808/3022387508 bytes
2026-07-15 14:34:59,815 [INFO] Sent chunk 2458. Total sent: 2578448384/3022387508 bytes
2026-07-15 14:34:59,828 [INFO] Sent chunk 2459. Total sent: 2579496960/3022387508 bytes
2026-07-15 14:34:59,878 [INFO] Sent chunk 2460. Total sent: 2580545536/3022387508 bytes
2026-07-15 14:34:59,933 [INFO] Sent chunk 2461. Total sent: 2581594112/3022387508 bytes
2026-07-15 14:35:00,055 [INFO] Sent chunk 2462. Total sent: 2582642688/3022387508 bytes
2026-07-15 14:35:00,058 [INFO] Sent chunk 2463. Total sent: 2583691264/3022387508 bytes
2026-07-15 14:35:00,063 [INFO] Sent chunk 2464. Total sent: 2584739840/3022387508 bytes
2026-07-15 14:35:00,113 [INFO] Sent chunk 2465. Total sent: 2585788416/3022387508 bytes
2026-07-15 14:35:00,177 [INFO] Sent chunk 2466. Total sent: 2586836992/3022387508 bytes
2026-07-15 14:35:00,257 [INFO] Sent chunk 2467. Total sent: 2587885568/3022387508 bytes
2026-07-15 14:35:00,279 [INFO] Sent chunk 2468. Total sent: 2588934144/3022387508 bytes
2026-07-15 14:35:00,334 [INFO] Sent chunk 2469. Total sent: 2589982720/3022387508 bytes
2026-07-15 14:35:00,356 [INFO] Sent chunk 2470. Total sent: 2591031296/3022387508 bytes
2026-07-15 14:35:00,400 [INFO] Sent chunk 2471. Total sent: 2592079872/3022387508 bytes
2026-07-15 14:35:00,439 [INFO] Sent chunk 2472. Total sent: 2593128448/3022387508 bytes
2026-07-15 14:35:00,473 [INFO] Sent chunk 2473. Total sent: 2594177024/3022387508 bytes
2026-07-15 14:35:00,636 [INFO] Sent chunk 2474. Total sent: 2595225600/3022387508 bytes
2026-07-15 14:35:00,711 [INFO] Sent chunk 2475. Total sent: 2596274176/3022387508 bytes
2026-07-15 14:35:00,715 [INFO] Sent chunk 2476. Total sent: 2597322752/3022387508 bytes
2026-07-15 14:35:00,732 [INFO] Sent chunk 2477. Total sent: 2598371328/3022387508 bytes
2026-07-15 14:35:00,802 [INFO] Sent chunk 2478. Total sent: 2599419904/3022387508 bytes
2026-07-15 14:35:00,827 [INFO] Sent chunk 2479. Total sent: 2600468480/3022387508 bytes
2026-07-15 14:35:00,893 [INFO] Sent chunk 2480. Total sent: 2601517056/3022387508 bytes
2026-07-15 14:35:00,967 [INFO] Sent chunk 2481. Total sent: 2602565632/3022387508 bytes
2026-07-15 14:35:01,045 [INFO] Sent chunk 2482. Total sent: 2603614208/3022387508 bytes
2026-07-15 14:35:01,050 [INFO] Sent chunk 2483. Total sent: 2604662784/3022387508 bytes
2026-07-15 14:35:01,128 [INFO] Sent chunk 2484. Total sent: 2605711360/3022387508 bytes
2026-07-15 14:35:01,151 [INFO] Sent chunk 2485. Total sent: 2606759936/3022387508 bytes
2026-07-15 14:35:01,218 [INFO] Sent chunk 2486. Total sent: 2607808512/3022387508 bytes
2026-07-15 14:35:01,253 [INFO] Sent chunk 2487. Total sent: 2608857088/3022387508 bytes
2026-07-15 14:35:01,288 [INFO] Sent chunk 2488. Total sent: 2609905664/3022387508 bytes
2026-07-15 14:35:01,352 [INFO] Sent chunk 2489. Total sent: 2610954240/3022387508 bytes
2026-07-15 14:35:01,437 [INFO] Sent chunk 2490. Total sent: 2612002816/3022387508 bytes
2026-07-15 14:35:01,466 [INFO] Sent chunk 2491. Total sent: 2613051392/3022387508 bytes
2026-07-15 14:35:01,500 [INFO] Sent chunk 2492. Total sent: 2614099968/3022387508 bytes
2026-07-15 14:35:01,591 [INFO] Sent chunk 2493. Total sent: 2615148544/3022387508 bytes
2026-07-15 14:35:01,616 [INFO] Sent chunk 2494. Total sent: 2616197120/3022387508 bytes
2026-07-15 14:35:01,626 [INFO] Sent chunk 2495. Total sent: 2617245696/3022387508 bytes
2026-07-15 14:35:01,760 [INFO] Sent chunk 2496. Total sent: 2618294272/3022387508 bytes
2026-07-15 14:35:01,767 [INFO] Sent chunk 2497. Total sent: 2619342848/3022387508 bytes
2026-07-15 14:35:01,769 [INFO] Sent chunk 2498. Total sent: 2620391424/3022387508 bytes
2026-07-15 14:35:01,872 [INFO] Sent chunk 2499. Total sent: 2621440000/3022387508 bytes
2026-07-15 14:35:01,920 [INFO] Sent chunk 2500. Total sent: 2622488576/3022387508 bytes
2026-07-15 14:35:01,965 [INFO] Sent chunk 2501. Total sent: 2623537152/3022387508 bytes
2026-07-15 14:35:02,018 [INFO] Sent chunk 2502. Total sent: 2624585728/3022387508 bytes
2026-07-15 14:35:02,037 [INFO] Sent chunk 2503. Total sent: 2625634304/3022387508 bytes
2026-07-15 14:35:02,073 [INFO] Sent chunk 2504. Total sent: 2626682880/3022387508 bytes
2026-07-15 14:35:02,095 [INFO] Sent chunk 2505. Total sent: 2627731456/3022387508 bytes
2026-07-15 14:35:02,144 [INFO] Sent chunk 2506. Total sent: 2628780032/3022387508 bytes
2026-07-15 14:35:02,236 [INFO] Sent chunk 2507. Total sent: 2629828608/3022387508 bytes
2026-07-15 14:35:02,302 [INFO] Sent chunk 2508. Total sent: 2630877184/3022387508 bytes
2026-07-15 14:35:02,307 [INFO] Sent chunk 2509. Total sent: 2631925760/3022387508 bytes
2026-07-15 14:35:02,440 [INFO] Sent chunk 2510. Total sent: 2632974336/3022387508 bytes
2026-07-15 14:35:02,442 [INFO] Sent chunk 2511. Total sent: 2634022912/3022387508 bytes
2026-07-15 14:35:02,446 [INFO] Sent chunk 2512. Total sent: 2635071488/3022387508 bytes
2026-07-15 14:35:02,529 [INFO] Sent chunk 2513. Total sent: 2636120064/3022387508 bytes
2026-07-15 14:35:02,615 [INFO] Sent chunk 2514. Total sent: 2637168640/3022387508 bytes
2026-07-15 14:35:02,635 [INFO] Sent chunk 2515. Total sent: 2638217216/3022387508 bytes
2026-07-15 14:35:02,677 [INFO] Sent chunk 2516. Total sent: 2639265792/3022387508 bytes
2026-07-15 14:35:02,786 [INFO] Sent chunk 2517. Total sent: 2640314368/3022387508 bytes
2026-07-15 14:35:02,790 [INFO] Sent chunk 2518. Total sent: 2641362944/3022387508 bytes
2026-07-15 14:35:02,796 [INFO] Sent chunk 2519. Total sent: 2642411520/3022387508 bytes
2026-07-15 14:35:02,872 [INFO] Sent chunk 2520. Total sent: 2643460096/3022387508 bytes
2026-07-15 14:35:02,888 [INFO] Sent chunk 2521. Total sent: 2644508672/3022387508 bytes
2026-07-15 14:35:03,018 [INFO] Sent chunk 2522. Total sent: 2645557248/3022387508 bytes
2026-07-15 14:35:03,049 [INFO] Sent chunk 2523. Total sent: 2646605824/3022387508 bytes
2026-07-15 14:35:03,107 [INFO] Sent chunk 2524. Total sent: 2647654400/3022387508 bytes
2026-07-15 14:35:03,111 [INFO] Sent chunk 2525. Total sent: 2648702976/3022387508 bytes
2026-07-15 14:35:03,141 [INFO] Sent chunk 2526. Total sent: 2649751552/3022387508 bytes
2026-07-15 14:35:03,277 [INFO] Sent chunk 2527. Total sent: 2650800128/3022387508 bytes
2026-07-15 14:35:03,346 [INFO] Sent chunk 2528. Total sent: 2651848704/3022387508 bytes
2026-07-15 14:35:03,350 [INFO] Sent chunk 2529. Total sent: 2652897280/3022387508 bytes
2026-07-15 14:35:03,363 [INFO] Sent chunk 2530. Total sent: 2653945856/3022387508 bytes
2026-07-15 14:35:03,465 [INFO] Sent chunk 2531. Total sent: 2654994432/3022387508 bytes
2026-07-15 14:35:03,541 [INFO] Sent chunk 2532. Total sent: 2656043008/3022387508 bytes
2026-07-15 14:35:03,561 [INFO] Sent chunk 2533. Total sent: 2657091584/3022387508 bytes
2026-07-15 14:35:03,699 [INFO] Sent chunk 2534. Total sent: 2658140160/3022387508 bytes
2026-07-15 14:35:03,712 [INFO] Sent chunk 2535. Total sent: 2659188736/3022387508 bytes
2026-07-15 14:35:03,716 [INFO] Sent chunk 2536. Total sent: 2660237312/3022387508 bytes
2026-07-15 14:35:03,785 [INFO] Sent chunk 2537. Total sent: 2661285888/3022387508 bytes
2026-07-15 14:35:03,863 [INFO] Sent chunk 2538. Total sent: 2662334464/3022387508 bytes
2026-07-15 14:35:03,871 [INFO] Sent chunk 2539. Total sent: 2663383040/3022387508 bytes
2026-07-15 14:35:04,010 [INFO] Sent chunk 2540. Total sent: 2664431616/3022387508 bytes
2026-07-15 14:35:04,032 [INFO] Sent chunk 2541. Total sent: 2665480192/3022387508 bytes
2026-07-15 14:35:04,044 [INFO] Sent chunk 2542. Total sent: 2666528768/3022387508 bytes
2026-07-15 14:35:04,083 [INFO] Sent chunk 2543. Total sent: 2667577344/3022387508 bytes
2026-07-15 14:35:04,135 [INFO] Sent chunk 2544. Total sent: 2668625920/3022387508 bytes
2026-07-15 14:35:04,222 [INFO] Sent chunk 2545. Total sent: 2669674496/3022387508 bytes
2026-07-15 14:35:04,251 [INFO] Sent chunk 2546. Total sent: 2670723072/3022387508 bytes
2026-07-15 14:35:04,266 [INFO] Sent chunk 2547. Total sent: 2671771648/3022387508 bytes
2026-07-15 14:35:04,310 [INFO] Sent chunk 2548. Total sent: 2672820224/3022387508 bytes
2026-07-15 14:35:04,344 [INFO] Sent chunk 2549. Total sent: 2673868800/3022387508 bytes
2026-07-15 14:35:04,444 [INFO] Sent chunk 2550. Total sent: 2674917376/3022387508 bytes
2026-07-15 14:35:04,488 [INFO] Sent chunk 2551. Total sent: 2675965952/3022387508 bytes
2026-07-15 14:35:04,536 [INFO] Sent chunk 2552. Total sent: 2677014528/3022387508 bytes
2026-07-15 14:35:04,540 [INFO] Sent chunk 2553. Total sent: 2678063104/3022387508 bytes
2026-07-15 14:35:04,561 [INFO] Sent chunk 2554. Total sent: 2679111680/3022387508 bytes
2026-07-15 14:35:04,674 [INFO] Sent chunk 2555. Total sent: 2680160256/3022387508 bytes
2026-07-15 14:35:04,679 [INFO] Sent chunk 2556. Total sent: 2681208832/3022387508 bytes
2026-07-15 14:35:04,706 [INFO] Sent chunk 2557. Total sent: 2682257408/3022387508 bytes
2026-07-15 14:35:04,779 [INFO] Sent chunk 2558. Total sent: 2683305984/3022387508 bytes
2026-07-15 14:35:04,802 [INFO] Sent chunk 2559. Total sent: 2684354560/3022387508 bytes
2026-07-15 14:35:04,903 [INFO] Sent chunk 2560. Total sent: 2685403136/3022387508 bytes
2026-07-15 14:35:04,937 [INFO] Sent chunk 2561. Total sent: 2686451712/3022387508 bytes
2026-07-15 14:35:04,939 [INFO] Sent chunk 2562. Total sent: 2687500288/3022387508 bytes
2026-07-15 14:35:05,020 [INFO] Sent chunk 2563. Total sent: 2688548864/3022387508 bytes
2026-07-15 14:35:05,026 [INFO] Sent chunk 2564. Total sent: 2689597440/3022387508 bytes
2026-07-15 14:35:05,083 [INFO] Sent chunk 2565. Total sent: 2690646016/3022387508 bytes
2026-07-15 14:35:05,168 [INFO] Sent chunk 2566. Total sent: 2691694592/3022387508 bytes
2026-07-15 14:35:05,231 [INFO] Sent chunk 2567. Total sent: 2692743168/3022387508 bytes
2026-07-15 14:35:05,235 [INFO] Sent chunk 2568. Total sent: 2693791744/3022387508 bytes
2026-07-15 14:35:05,261 [INFO] Sent chunk 2569. Total sent: 2694840320/3022387508 bytes
2026-07-15 14:35:05,317 [INFO] Sent chunk 2570. Total sent: 2695888896/3022387508 bytes
2026-07-15 14:35:05,439 [INFO] Sent chunk 2571. Total sent: 2696937472/3022387508 bytes
2026-07-15 14:35:05,460 [INFO] Sent chunk 2572. Total sent: 2697986048/3022387508 bytes
2026-07-15 14:35:05,517 [INFO] Sent chunk 2573. Total sent: 2699034624/3022387508 bytes
2026-07-15 14:35:05,623 [INFO] Sent chunk 2574. Total sent: 2700083200/3022387508 bytes
2026-07-15 14:35:05,631 [INFO] Sent chunk 2575. Total sent: 2701131776/3022387508 bytes
2026-07-15 14:35:05,717 [INFO] Sent chunk 2576. Total sent: 2702180352/3022387508 bytes
2026-07-15 14:35:05,769 [INFO] Sent chunk 2577. Total sent: 2703228928/3022387508 bytes
2026-07-15 14:35:05,867 [INFO] Sent chunk 2578. Total sent: 2704277504/3022387508 bytes
2026-07-15 14:35:05,921 [INFO] Sent chunk 2579. Total sent: 2705326080/3022387508 bytes
2026-07-15 14:35:05,926 [INFO] Sent chunk 2580. Total sent: 2706374656/3022387508 bytes
2026-07-15 14:35:05,953 [INFO] Sent chunk 2581. Total sent: 2707423232/3022387508 bytes
2026-07-15 14:35:06,001 [INFO] Sent chunk 2582. Total sent: 2708471808/3022387508 bytes
2026-07-15 14:35:06,045 [INFO] Sent chunk 2583. Total sent: 2709520384/3022387508 bytes
2026-07-15 14:35:06,074 [INFO] Sent chunk 2584. Total sent: 2710568960/3022387508 bytes
2026-07-15 14:35:06,137 [INFO] Sent chunk 2585. Total sent: 2711617536/3022387508 bytes
2026-07-15 14:35:06,279 [INFO] Sent chunk 2586. Total sent: 2712666112/3022387508 bytes
2026-07-15 14:35:06,282 [INFO] Sent chunk 2587. Total sent: 2713714688/3022387508 bytes
2026-07-15 14:35:06,300 [INFO] Sent chunk 2588. Total sent: 2714763264/3022387508 bytes
2026-07-15 14:35:06,353 [INFO] Sent chunk 2589. Total sent: 2715811840/3022387508 bytes
2026-07-15 14:35:06,453 [INFO] Sent chunk 2590. Total sent: 2716860416/3022387508 bytes
2026-07-15 14:35:06,483 [INFO] Sent chunk 2591. Total sent: 2717908992/3022387508 bytes
2026-07-15 14:35:06,486 [INFO] Sent chunk 2592. Total sent: 2718957568/3022387508 bytes
2026-07-15 14:35:06,567 [INFO] Sent chunk 2593. Total sent: 2720006144/3022387508 bytes
2026-07-15 14:35:06,636 [INFO] Sent chunk 2594. Total sent: 2721054720/3022387508 bytes
2026-07-15 14:35:06,686 [INFO] Sent chunk 2595. Total sent: 2722103296/3022387508 bytes
2026-07-15 14:35:06,689 [INFO] Sent chunk 2596. Total sent: 2723151872/3022387508 bytes
2026-07-15 14:35:06,702 [INFO] Sent chunk 2597. Total sent: 2724200448/3022387508 bytes
2026-07-15 14:35:06,856 [INFO] Sent chunk 2598. Total sent: 2725249024/3022387508 bytes
2026-07-15 14:35:06,899 [INFO] Sent chunk 2599. Total sent: 2726297600/3022387508 bytes
2026-07-15 14:35:06,956 [INFO] Sent chunk 2600. Total sent: 2727346176/3022387508 bytes
2026-07-15 14:35:07,038 [INFO] Sent chunk 2601. Total sent: 2728394752/3022387508 bytes
2026-07-15 14:35:07,101 [INFO] Sent chunk 2602. Total sent: 2729443328/3022387508 bytes
2026-07-15 14:35:07,103 [INFO] Sent chunk 2603. Total sent: 2730491904/3022387508 bytes
2026-07-15 14:35:07,176 [INFO] Sent chunk 2604. Total sent: 2731540480/3022387508 bytes
2026-07-15 14:35:07,221 [INFO] Sent chunk 2605. Total sent: 2732589056/3022387508 bytes
2026-07-15 14:35:07,250 [INFO] Sent chunk 2606. Total sent: 2733637632/3022387508 bytes
2026-07-15 14:35:07,260 [INFO] Sent chunk 2607. Total sent: 2734686208/3022387508 bytes
2026-07-15 14:35:07,317 [INFO] Sent chunk 2608. Total sent: 2735734784/3022387508 bytes
2026-07-15 14:35:07,398 [INFO] Sent chunk 2609. Total sent: 2736783360/3022387508 bytes
2026-07-15 14:35:07,429 [INFO] Sent chunk 2610. Total sent: 2737831936/3022387508 bytes
2026-07-15 14:35:07,493 [INFO] Sent chunk 2611. Total sent: 2738880512/3022387508 bytes
2026-07-15 14:35:07,555 [INFO] Sent chunk 2612. Total sent: 2739929088/3022387508 bytes
2026-07-15 14:35:07,565 [INFO] Sent chunk 2613. Total sent: 2740977664/3022387508 bytes
2026-07-15 14:35:07,717 [INFO] Sent chunk 2614. Total sent: 2742026240/3022387508 bytes
2026-07-15 14:35:07,721 [INFO] Sent chunk 2615. Total sent: 2743074816/3022387508 bytes
2026-07-15 14:35:07,724 [INFO] Sent chunk 2616. Total sent: 2744123392/3022387508 bytes
2026-07-15 14:35:07,855 [INFO] Sent chunk 2617. Total sent: 2745171968/3022387508 bytes
2026-07-15 14:35:07,941 [INFO] Sent chunk 2618. Total sent: 2746220544/3022387508 bytes
2026-07-15 14:35:07,995 [INFO] Sent chunk 2619. Total sent: 2747269120/3022387508 bytes
2026-07-15 14:35:08,045 [INFO] Sent chunk 2620. Total sent: 2748317696/3022387508 bytes
2026-07-15 14:35:08,069 [INFO] Sent chunk 2621. Total sent: 2749366272/3022387508 bytes
2026-07-15 14:35:08,125 [INFO] Sent chunk 2622. Total sent: 2750414848/3022387508 bytes
2026-07-15 14:35:08,139 [INFO] Sent chunk 2623. Total sent: 2751463424/3022387508 bytes
2026-07-15 14:35:08,197 [INFO] Sent chunk 2624. Total sent: 2752512000/3022387508 bytes
2026-07-15 14:35:08,243 [INFO] Sent chunk 2625. Total sent: 2753560576/3022387508 bytes
2026-07-15 14:35:08,278 [INFO] Sent chunk 2626. Total sent: 2754609152/3022387508 bytes
2026-07-15 14:35:08,319 [INFO] Sent chunk 2627. Total sent: 2755657728/3022387508 bytes
2026-07-15 14:35:08,478 [INFO] Sent chunk 2628. Total sent: 2756706304/3022387508 bytes
2026-07-15 14:35:08,497 [INFO] Sent chunk 2629. Total sent: 2757754880/3022387508 bytes
2026-07-15 14:35:08,557 [INFO] Sent chunk 2630. Total sent: 2758803456/3022387508 bytes
2026-07-15 14:35:08,561 [INFO] Sent chunk 2631. Total sent: 2759852032/3022387508 bytes
2026-07-15 14:35:08,674 [INFO] Sent chunk 2632. Total sent: 2760900608/3022387508 bytes
2026-07-15 14:35:08,703 [INFO] Sent chunk 2633. Total sent: 2761949184/3022387508 bytes
2026-07-15 14:35:08,759 [INFO] Sent chunk 2634. Total sent: 2762997760/3022387508 bytes
2026-07-15 14:35:08,829 [INFO] Sent chunk 2635. Total sent: 2764046336/3022387508 bytes
2026-07-15 14:35:08,976 [INFO] Sent chunk 2636. Total sent: 2765094912/3022387508 bytes
2026-07-15 14:35:09,006 [INFO] Sent chunk 2637. Total sent: 2766143488/3022387508 bytes
2026-07-15 14:35:09,008 [INFO] Sent chunk 2638. Total sent: 2767192064/3022387508 bytes
2026-07-15 14:35:09,034 [INFO] Sent chunk 2639. Total sent: 2768240640/3022387508 bytes
2026-07-15 14:35:09,097 [INFO] Sent chunk 2640. Total sent: 2769289216/3022387508 bytes
2026-07-15 14:35:09,133 [INFO] Sent chunk 2641. Total sent: 2770337792/3022387508 bytes
2026-07-15 14:35:09,184 [INFO] Sent chunk 2642. Total sent: 2771386368/3022387508 bytes
2026-07-15 14:35:09,267 [INFO] Sent chunk 2643. Total sent: 2772434944/3022387508 bytes
2026-07-15 14:35:09,291 [INFO] Sent chunk 2644. Total sent: 2773483520/3022387508 bytes
2026-07-15 14:35:09,365 [INFO] Sent chunk 2645. Total sent: 2774532096/3022387508 bytes
2026-07-15 14:35:09,411 [INFO] Sent chunk 2646. Total sent: 2775580672/3022387508 bytes
2026-07-15 14:35:09,574 [INFO] Sent chunk 2647. Total sent: 2776629248/3022387508 bytes
2026-07-15 14:35:09,614 [INFO] Sent chunk 2648. Total sent: 2777677824/3022387508 bytes
2026-07-15 14:35:09,617 [INFO] Sent chunk 2649. Total sent: 2778726400/3022387508 bytes
2026-07-15 14:35:09,649 [INFO] Sent chunk 2650. Total sent: 2779774976/3022387508 bytes
2026-07-15 14:35:09,677 [INFO] Sent chunk 2651. Total sent: 2780823552/3022387508 bytes
2026-07-15 14:35:09,736 [INFO] Sent chunk 2652. Total sent: 2781872128/3022387508 bytes
2026-07-15 14:35:09,831 [INFO] Sent chunk 2653. Total sent: 2782920704/3022387508 bytes
2026-07-15 14:35:09,938 [INFO] Sent chunk 2654. Total sent: 2783969280/3022387508 bytes
2026-07-15 14:35:09,941 [INFO] Sent chunk 2655. Total sent: 2785017856/3022387508 bytes
2026-07-15 14:35:09,969 [INFO] Sent chunk 2656. Total sent: 2786066432/3022387508 bytes
2026-07-15 14:35:10,080 [INFO] Sent chunk 2657. Total sent: 2787115008/3022387508 bytes
2026-07-15 14:35:10,084 [INFO] Sent chunk 2658. Total sent: 2788163584/3022387508 bytes
2026-07-15 14:35:10,100 [INFO] Sent chunk 2659. Total sent: 2789212160/3022387508 bytes
2026-07-15 14:35:10,302 [INFO] Sent chunk 2660. Total sent: 2790260736/3022387508 bytes
2026-07-15 14:35:10,316 [INFO] Sent chunk 2661. Total sent: 2791309312/3022387508 bytes
2026-07-15 14:35:10,319 [INFO] Sent chunk 2662. Total sent: 2792357888/3022387508 bytes
2026-07-15 14:35:10,360 [INFO] Sent chunk 2663. Total sent: 2793406464/3022387508 bytes
2026-07-15 14:35:10,557 [INFO] Sent chunk 2664. Total sent: 2794455040/3022387508 bytes
2026-07-15 14:35:10,600 [INFO] Sent chunk 2665. Total sent: 2795503616/3022387508 bytes
2026-07-15 14:35:10,642 [INFO] Sent chunk 2666. Total sent: 2796552192/3022387508 bytes
2026-07-15 14:35:10,647 [INFO] Sent chunk 2667. Total sent: 2797600768/3022387508 bytes
2026-07-15 14:35:10,714 [INFO] Sent chunk 2668. Total sent: 2798649344/3022387508 bytes
2026-07-15 14:35:10,748 [INFO] Sent chunk 2669. Total sent: 2799697920/3022387508 bytes
2026-07-15 14:35:10,786 [INFO] Sent chunk 2670. Total sent: 2800746496/3022387508 bytes
2026-07-15 14:35:10,920 [INFO] Sent chunk 2671. Total sent: 2801795072/3022387508 bytes
2026-07-15 14:35:10,929 [INFO] Sent chunk 2672. Total sent: 2802843648/3022387508 bytes
2026-07-15 14:35:10,933 [INFO] Sent chunk 2673. Total sent: 2803892224/3022387508 bytes
2026-07-15 14:35:10,971 [INFO] Sent chunk 2674. Total sent: 2804940800/3022387508 bytes
2026-07-15 14:35:11,050 [INFO] Sent chunk 2675. Total sent: 2805989376/3022387508 bytes
2026-07-15 14:35:11,113 [INFO] Sent chunk 2676. Total sent: 2807037952/3022387508 bytes
2026-07-15 14:35:11,274 [INFO] Sent chunk 2677. Total sent: 2808086528/3022387508 bytes
2026-07-15 14:35:11,279 [INFO] Sent chunk 2678. Total sent: 2809135104/3022387508 bytes
2026-07-15 14:35:11,282 [INFO] Sent chunk 2679. Total sent: 2810183680/3022387508 bytes
2026-07-15 14:35:11,314 [INFO] Sent chunk 2680. Total sent: 2811232256/3022387508 bytes
2026-07-15 14:35:11,402 [INFO] Sent chunk 2681. Total sent: 2812280832/3022387508 bytes
2026-07-15 14:35:11,413 [INFO] Sent chunk 2682. Total sent: 2813329408/3022387508 bytes
2026-07-15 14:35:11,560 [INFO] Sent chunk 2683. Total sent: 2814377984/3022387508 bytes
2026-07-15 14:35:11,565 [INFO] Sent chunk 2684. Total sent: 2815426560/3022387508 bytes
2026-07-15 14:35:11,569 [INFO] Sent chunk 2685. Total sent: 2816475136/3022387508 bytes
2026-07-15 14:35:11,612 [INFO] Sent chunk 2686. Total sent: 2817523712/3022387508 bytes
2026-07-15 14:35:11,671 [INFO] Sent chunk 2687. Total sent: 2818572288/3022387508 bytes
2026-07-15 14:35:11,760 [INFO] Sent chunk 2688. Total sent: 2819620864/3022387508 bytes
2026-07-15 14:35:11,795 [INFO] Sent chunk 2689. Total sent: 2820669440/3022387508 bytes
2026-07-15 14:35:11,826 [INFO] Sent chunk 2690. Total sent: 2821718016/3022387508 bytes
2026-07-15 14:35:11,858 [INFO] Sent chunk 2691. Total sent: 2822766592/3022387508 bytes
2026-07-15 14:35:11,890 [INFO] Sent chunk 2692. Total sent: 2823815168/3022387508 bytes
2026-07-15 14:35:12,003 [INFO] Sent chunk 2693. Total sent: 2824863744/3022387508 bytes
2026-07-15 14:35:12,008 [INFO] Sent chunk 2694. Total sent: 2825912320/3022387508 bytes
2026-07-15 14:35:12,011 [INFO] Sent chunk 2695. Total sent: 2826960896/3022387508 bytes
2026-07-15 14:35:12,016 [INFO] Sent chunk 2696. Total sent: 2828009472/3022387508 bytes
2026-07-15 14:35:12,168 [INFO] Sent chunk 2697. Total sent: 2829058048/3022387508 bytes
2026-07-15 14:35:12,191 [INFO] Sent chunk 2698. Total sent: 2830106624/3022387508 bytes
2026-07-15 14:35:12,193 [INFO] Sent chunk 2699. Total sent: 2831155200/3022387508 bytes
2026-07-15 14:35:12,217 [INFO] Sent chunk 2700. Total sent: 2832203776/3022387508 bytes
2026-07-15 14:35:12,275 [INFO] Sent chunk 2701. Total sent: 2833252352/3022387508 bytes
2026-07-15 14:35:12,421 [INFO] Sent chunk 2702. Total sent: 2834300928/3022387508 bytes
2026-07-15 14:35:12,425 [INFO] Sent chunk 2703. Total sent: 2835349504/3022387508 bytes
2026-07-15 14:35:12,428 [INFO] Sent chunk 2704. Total sent: 2836398080/3022387508 bytes
2026-07-15 14:35:12,460 [INFO] Sent chunk 2705. Total sent: 2837446656/3022387508 bytes
2026-07-15 14:35:12,520 [INFO] Sent chunk 2706. Total sent: 2838495232/3022387508 bytes
2026-07-15 14:35:12,572 [INFO] Sent chunk 2707. Total sent: 2839543808/3022387508 bytes
2026-07-15 14:35:12,607 [INFO] Sent chunk 2708. Total sent: 2840592384/3022387508 bytes
2026-07-15 14:35:12,743 [INFO] Sent chunk 2709. Total sent: 2841640960/3022387508 bytes
2026-07-15 14:35:12,781 [INFO] Sent chunk 2710. Total sent: 2842689536/3022387508 bytes
2026-07-15 14:35:12,801 [INFO] Sent chunk 2711. Total sent: 2843738112/3022387508 bytes
2026-07-15 14:35:12,821 [INFO] Sent chunk 2712. Total sent: 2844786688/3022387508 bytes
2026-07-15 14:35:12,889 [INFO] Sent chunk 2713. Total sent: 2845835264/3022387508 bytes
2026-07-15 14:35:13,036 [INFO] Sent chunk 2714. Total sent: 2846883840/3022387508 bytes
2026-07-15 14:35:13,042 [INFO] Sent chunk 2715. Total sent: 2847932416/3022387508 bytes
2026-07-15 14:35:13,044 [INFO] Sent chunk 2716. Total sent: 2848980992/3022387508 bytes
2026-07-15 14:35:13,108 [INFO] Sent chunk 2717. Total sent: 2850029568/3022387508 bytes
2026-07-15 14:35:13,200 [INFO] Sent chunk 2718. Total sent: 2851078144/3022387508 bytes
2026-07-15 14:35:13,233 [INFO] Sent chunk 2719. Total sent: 2852126720/3022387508 bytes
2026-07-15 14:35:13,252 [INFO] Sent chunk 2720. Total sent: 2853175296/3022387508 bytes
2026-07-15 14:35:13,264 [INFO] Sent chunk 2721. Total sent: 2854223872/3022387508 bytes
2026-07-15 14:35:13,341 [INFO] Sent chunk 2722. Total sent: 2855272448/3022387508 bytes
2026-07-15 14:35:13,374 [INFO] Sent chunk 2723. Total sent: 2856321024/3022387508 bytes
2026-07-15 14:35:13,418 [INFO] Sent chunk 2724. Total sent: 2857369600/3022387508 bytes
2026-07-15 14:35:13,551 [INFO] Sent chunk 2725. Total sent: 2858418176/3022387508 bytes
2026-07-15 14:35:13,558 [INFO] Sent chunk 2726. Total sent: 2859466752/3022387508 bytes
2026-07-15 14:35:13,560 [INFO] Sent chunk 2727. Total sent: 2860515328/3022387508 bytes
2026-07-15 14:35:13,577 [INFO] Sent chunk 2728. Total sent: 2861563904/3022387508 bytes
2026-07-15 14:35:13,632 [INFO] Sent chunk 2729. Total sent: 2862612480/3022387508 bytes
2026-07-15 14:35:13,682 [INFO] Sent chunk 2730. Total sent: 2863661056/3022387508 bytes
2026-07-15 14:35:13,798 [INFO] Sent chunk 2731. Total sent: 2864709632/3022387508 bytes
2026-07-15 14:35:13,858 [INFO] Sent chunk 2732. Total sent: 2865758208/3022387508 bytes
2026-07-15 14:35:13,923 [INFO] Sent chunk 2733. Total sent: 2866806784/3022387508 bytes
2026-07-15 14:35:13,928 [INFO] Sent chunk 2734. Total sent: 2867855360/3022387508 bytes
2026-07-15 14:35:13,933 [INFO] Sent chunk 2735. Total sent: 2868903936/3022387508 bytes
2026-07-15 14:35:13,957 [INFO] Sent chunk 2736. Total sent: 2869952512/3022387508 bytes
2026-07-15 14:35:14,005 [INFO] Sent chunk 2737. Total sent: 2871001088/3022387508 bytes
2026-07-15 14:35:14,033 [INFO] Sent chunk 2738. Total sent: 2872049664/3022387508 bytes
2026-07-15 14:35:14,194 [INFO] Sent chunk 2739. Total sent: 2873098240/3022387508 bytes
2026-07-15 14:35:14,216 [INFO] Sent chunk 2740. Total sent: 2874146816/3022387508 bytes
2026-07-15 14:35:14,219 [INFO] Sent chunk 2741. Total sent: 2875195392/3022387508 bytes
2026-07-15 14:35:14,310 [INFO] Sent chunk 2742. Total sent: 2876243968/3022387508 bytes
2026-07-15 14:35:14,382 [INFO] Sent chunk 2743. Total sent: 2877292544/3022387508 bytes
2026-07-15 14:35:14,385 [INFO] Sent chunk 2744. Total sent: 2878341120/3022387508 bytes
2026-07-15 14:35:14,408 [INFO] Sent chunk 2745. Total sent: 2879389696/3022387508 bytes
2026-07-15 14:35:14,466 [INFO] Sent chunk 2746. Total sent: 2880438272/3022387508 bytes
2026-07-15 14:35:14,504 [INFO] Sent chunk 2747. Total sent: 2881486848/3022387508 bytes
2026-07-15 14:35:14,537 [INFO] Sent chunk 2748. Total sent: 2882535424/3022387508 bytes
2026-07-15 14:35:14,611 [INFO] Sent chunk 2749. Total sent: 2883584000/3022387508 bytes
2026-07-15 14:35:14,666 [INFO] Sent chunk 2750. Total sent: 2884632576/3022387508 bytes
2026-07-15 14:35:14,751 [INFO] Sent chunk 2751. Total sent: 2885681152/3022387508 bytes
2026-07-15 14:35:14,815 [INFO] Sent chunk 2752. Total sent: 2886729728/3022387508 bytes
2026-07-15 14:35:14,883 [INFO] Sent chunk 2753. Total sent: 2887778304/3022387508 bytes
2026-07-15 14:35:14,948 [INFO] Sent chunk 2754. Total sent: 2888826880/3022387508 bytes
2026-07-15 14:35:15,007 [INFO] Sent chunk 2755. Total sent: 2889875456/3022387508 bytes
2026-07-15 14:35:15,019 [INFO] Sent chunk 2756. Total sent: 2890924032/3022387508 bytes
2026-07-15 14:35:15,050 [INFO] Sent chunk 2757. Total sent: 2891972608/3022387508 bytes
2026-07-15 14:35:15,111 [INFO] Sent chunk 2758. Total sent: 2893021184/3022387508 bytes
2026-07-15 14:35:15,204 [INFO] Sent chunk 2759. Total sent: 2894069760/3022387508 bytes
2026-07-15 14:35:15,225 [INFO] Sent chunk 2760. Total sent: 2895118336/3022387508 bytes
2026-07-15 14:35:15,269 [INFO] Sent chunk 2761. Total sent: 2896166912/3022387508 bytes
2026-07-15 14:35:15,312 [INFO] Sent chunk 2762. Total sent: 2897215488/3022387508 bytes
2026-07-15 14:35:15,384 [INFO] Sent chunk 2763. Total sent: 2898264064/3022387508 bytes
2026-07-15 14:35:15,435 [INFO] Sent chunk 2764. Total sent: 2899312640/3022387508 bytes
2026-07-15 14:35:15,517 [INFO] Sent chunk 2765. Total sent: 2900361216/3022387508 bytes
2026-07-15 14:35:15,520 [INFO] Sent chunk 2766. Total sent: 2901409792/3022387508 bytes
2026-07-15 14:35:15,530 [INFO] Sent chunk 2767. Total sent: 2902458368/3022387508 bytes
2026-07-15 14:35:15,550 [INFO] Sent chunk 2768. Total sent: 2903506944/3022387508 bytes
2026-07-15 14:35:15,715 [INFO] Sent chunk 2769. Total sent: 2904555520/3022387508 bytes
2026-07-15 14:35:15,719 [INFO] Sent chunk 2770. Total sent: 2905604096/3022387508 bytes
2026-07-15 14:35:15,744 [INFO] Sent chunk 2771. Total sent: 2906652672/3022387508 bytes
2026-07-15 14:35:15,752 [INFO] Sent chunk 2772. Total sent: 2907701248/3022387508 bytes
2026-07-15 14:35:15,866 [INFO] Sent chunk 2773. Total sent: 2908749824/3022387508 bytes
2026-07-15 14:35:15,950 [INFO] Sent chunk 2774. Total sent: 2909798400/3022387508 bytes
2026-07-15 14:35:15,974 [INFO] Sent chunk 2775. Total sent: 2910846976/3022387508 bytes
2026-07-15 14:35:16,000 [INFO] Sent chunk 2776. Total sent: 2911895552/3022387508 bytes
2026-07-15 14:35:16,034 [INFO] Sent chunk 2777. Total sent: 2912944128/3022387508 bytes
2026-07-15 14:35:16,057 [INFO] Sent chunk 2778. Total sent: 2913992704/3022387508 bytes
2026-07-15 14:35:16,084 [INFO] Sent chunk 2779. Total sent: 2915041280/3022387508 bytes
2026-07-15 14:35:16,165 [INFO] Sent chunk 2780. Total sent: 2916089856/3022387508 bytes
2026-07-15 14:35:16,276 [INFO] Sent chunk 2781. Total sent: 2917138432/3022387508 bytes
2026-07-15 14:35:16,283 [INFO] Sent chunk 2782. Total sent: 2918187008/3022387508 bytes
2026-07-15 14:35:16,286 [INFO] Sent chunk 2783. Total sent: 2919235584/3022387508 bytes
2026-07-15 14:35:16,333 [INFO] Sent chunk 2784. Total sent: 2920284160/3022387508 bytes
2026-07-15 14:35:16,436 [INFO] Sent chunk 2785. Total sent: 2921332736/3022387508 bytes
2026-07-15 14:35:16,444 [INFO] Sent chunk 2786. Total sent: 2922381312/3022387508 bytes
2026-07-15 14:35:16,503 [INFO] Sent chunk 2787. Total sent: 2923429888/3022387508 bytes
2026-07-15 14:35:16,565 [INFO] Sent chunk 2788. Total sent: 2924478464/3022387508 bytes
2026-07-15 14:35:16,616 [INFO] Sent chunk 2789. Total sent: 2925527040/3022387508 bytes
2026-07-15 14:35:16,625 [INFO] Sent chunk 2790. Total sent: 2926575616/3022387508 bytes
2026-07-15 14:35:16,628 [INFO] Sent chunk 2791. Total sent: 2927624192/3022387508 bytes
2026-07-15 14:35:16,684 [INFO] Sent chunk 2792. Total sent: 2928672768/3022387508 bytes
2026-07-15 14:35:16,787 [INFO] Sent chunk 2793. Total sent: 2929721344/3022387508 bytes
2026-07-15 14:35:16,866 [INFO] Sent chunk 2794. Total sent: 2930769920/3022387508 bytes
2026-07-15 14:35:16,886 [INFO] Sent chunk 2795. Total sent: 2931818496/3022387508 bytes
2026-07-15 14:35:16,897 [INFO] Sent chunk 2796. Total sent: 2932867072/3022387508 bytes
2026-07-15 14:35:16,951 [INFO] Sent chunk 2797. Total sent: 2933915648/3022387508 bytes
2026-07-15 14:35:17,039 [INFO] Sent chunk 2798. Total sent: 2934964224/3022387508 bytes
2026-07-15 14:35:17,085 [INFO] Sent chunk 2799. Total sent: 2936012800/3022387508 bytes
2026-07-15 14:35:17,104 [INFO] Sent chunk 2800. Total sent: 2937061376/3022387508 bytes
2026-07-15 14:35:17,168 [INFO] Sent chunk 2801. Total sent: 2938109952/3022387508 bytes
2026-07-15 14:35:17,231 [INFO] Sent chunk 2802. Total sent: 2939158528/3022387508 bytes
2026-07-15 14:35:17,257 [INFO] Sent chunk 2803. Total sent: 2940207104/3022387508 bytes
2026-07-15 14:35:17,260 [INFO] Sent chunk 2804. Total sent: 2941255680/3022387508 bytes
2026-07-15 14:35:17,285 [INFO] Sent chunk 2805. Total sent: 2942304256/3022387508 bytes
2026-07-15 14:35:17,412 [INFO] Sent chunk 2806. Total sent: 2943352832/3022387508 bytes
2026-07-15 14:35:17,429 [INFO] Sent chunk 2807. Total sent: 2944401408/3022387508 bytes
2026-07-15 14:35:17,434 [INFO] Sent chunk 2808. Total sent: 2945449984/3022387508 bytes
2026-07-15 14:35:17,495 [INFO] Sent chunk 2809. Total sent: 2946498560/3022387508 bytes
2026-07-15 14:35:17,523 [INFO] Sent chunk 2810. Total sent: 2947547136/3022387508 bytes
2026-07-15 14:35:17,656 [INFO] Sent chunk 2811. Total sent: 2948595712/3022387508 bytes
2026-07-15 14:35:17,660 [INFO] Sent chunk 2812. Total sent: 2949644288/3022387508 bytes
2026-07-15 14:35:17,664 [INFO] Sent chunk 2813. Total sent: 2950692864/3022387508 bytes
2026-07-15 14:35:17,692 [INFO] Sent chunk 2814. Total sent: 2951741440/3022387508 bytes
2026-07-15 14:35:17,729 [INFO] Sent chunk 2815. Total sent: 2952790016/3022387508 bytes
2026-07-15 14:35:17,806 [INFO] Sent chunk 2816. Total sent: 2953838592/3022387508 bytes
2026-07-15 14:35:17,854 [INFO] Sent chunk 2817. Total sent: 2954887168/3022387508 bytes
2026-07-15 14:35:17,912 [INFO] Sent chunk 2818. Total sent: 2955935744/3022387508 bytes
2026-07-15 14:35:17,983 [INFO] Sent chunk 2819. Total sent: 2956984320/3022387508 bytes
2026-07-15 14:35:18,033 [INFO] Sent chunk 2820. Total sent: 2958032896/3022387508 bytes
2026-07-15 14:35:18,078 [INFO] Sent chunk 2821. Total sent: 2959081472/3022387508 bytes
2026-07-15 14:35:18,111 [INFO] Sent chunk 2822. Total sent: 2960130048/3022387508 bytes
2026-07-15 14:35:18,157 [INFO] Sent chunk 2823. Total sent: 2961178624/3022387508 bytes
2026-07-15 14:35:18,167 [INFO] Sent chunk 2824. Total sent: 2962227200/3022387508 bytes
2026-07-15 14:35:18,279 [INFO] Sent chunk 2825. Total sent: 2963275776/3022387508 bytes
2026-07-15 14:35:18,296 [INFO] Sent chunk 2826. Total sent: 2964324352/3022387508 bytes
2026-07-15 14:35:18,384 [INFO] Sent chunk 2827. Total sent: 2965372928/3022387508 bytes
2026-07-15 14:35:18,402 [INFO] Sent chunk 2828. Total sent: 2966421504/3022387508 bytes
2026-07-15 14:35:18,415 [INFO] Sent chunk 2829. Total sent: 2967470080/3022387508 bytes
2026-07-15 14:35:18,511 [INFO] Sent chunk 2830. Total sent: 2968518656/3022387508 bytes
2026-07-15 14:35:18,564 [INFO] Sent chunk 2831. Total sent: 2969567232/3022387508 bytes
2026-07-15 14:35:18,583 [INFO] Sent chunk 2832. Total sent: 2970615808/3022387508 bytes
2026-07-15 14:35:18,623 [INFO] Sent chunk 2833. Total sent: 2971664384/3022387508 bytes
2026-07-15 14:35:18,684 [INFO] Sent chunk 2834. Total sent: 2972712960/3022387508 bytes
2026-07-15 14:35:18,703 [INFO] Sent chunk 2835. Total sent: 2973761536/3022387508 bytes
2026-07-15 14:35:18,781 [INFO] Sent chunk 2836. Total sent: 2974810112/3022387508 bytes
2026-07-15 14:35:18,784 [INFO] Sent chunk 2837. Total sent: 2975858688/3022387508 bytes
2026-07-15 14:35:18,823 [INFO] Sent chunk 2838. Total sent: 2976907264/3022387508 bytes
2026-07-15 14:35:18,885 [INFO] Sent chunk 2839. Total sent: 2977955840/3022387508 bytes
2026-07-15 14:35:18,901 [INFO] Sent chunk 2840. Total sent: 2979004416/3022387508 bytes
2026-07-15 14:35:18,990 [INFO] Sent chunk 2841. Total sent: 2980052992/3022387508 bytes
2026-07-15 14:35:19,019 [INFO] Sent chunk 2842. Total sent: 2981101568/3022387508 bytes
2026-07-15 14:35:19,059 [INFO] Sent chunk 2843. Total sent: 2982150144/3022387508 bytes
2026-07-15 14:35:19,125 [INFO] Sent chunk 2844. Total sent: 2983198720/3022387508 bytes
2026-07-15 14:35:19,241 [INFO] Sent chunk 2845. Total sent: 2984247296/3022387508 bytes
2026-07-15 14:35:19,303 [INFO] Sent chunk 2846. Total sent: 2985295872/3022387508 bytes
2026-07-15 14:35:19,308 [INFO] Sent chunk 2847. Total sent: 2986344448/3022387508 bytes
2026-07-15 14:35:19,331 [INFO] Sent chunk 2848. Total sent: 2987393024/3022387508 bytes
2026-07-15 14:35:19,419 [INFO] Sent chunk 2849. Total sent: 2988441600/3022387508 bytes
2026-07-15 14:35:19,514 [INFO] Sent chunk 2850. Total sent: 2989490176/3022387508 bytes
2026-07-15 14:35:19,519 [INFO] Sent chunk 2851. Total sent: 2990538752/3022387508 bytes
2026-07-15 14:35:19,532 [INFO] Sent chunk 2852. Total sent: 2991587328/3022387508 bytes
2026-07-15 14:35:19,631 [INFO] Sent chunk 2853. Total sent: 2992635904/3022387508 bytes
2026-07-15 14:35:19,759 [INFO] Sent chunk 2854. Total sent: 2993684480/3022387508 bytes
2026-07-15 14:35:19,777 [INFO] Sent chunk 2855. Total sent: 2994733056/3022387508 bytes
2026-07-15 14:35:19,800 [INFO] Sent chunk 2856. Total sent: 2995781632/3022387508 bytes
2026-07-15 14:35:19,914 [INFO] Sent chunk 2857. Total sent: 2996830208/3022387508 bytes
2026-07-15 14:35:19,917 [INFO] Sent chunk 2858. Total sent: 2997878784/3022387508 bytes
2026-07-15 14:35:20,003 [INFO] Sent chunk 2859. Total sent: 2998927360/3022387508 bytes
2026-07-15 14:35:20,029 [INFO] Sent chunk 2860. Total sent: 2999975936/3022387508 bytes
2026-07-15 14:35:20,032 [INFO] Sent chunk 2861. Total sent: 3001024512/3022387508 bytes
2026-07-15 14:35:20,075 [INFO] Sent chunk 2862. Total sent: 3002073088/3022387508 bytes
2026-07-15 14:35:20,218 [INFO] Sent chunk 2863. Total sent: 3003121664/3022387508 bytes
2026-07-15 14:35:20,248 [INFO] Sent chunk 2864. Total sent: 3004170240/3022387508 bytes
2026-07-15 14:35:20,309 [INFO] Sent chunk 2865. Total sent: 3005218816/3022387508 bytes
2026-07-15 14:35:20,378 [INFO] Sent chunk 2866. Total sent: 3006267392/3022387508 bytes
2026-07-15 14:35:20,390 [INFO] Sent chunk 2867. Total sent: 3007315968/3022387508 bytes
2026-07-15 14:35:20,411 [INFO] Sent chunk 2868. Total sent: 3008364544/3022387508 bytes
2026-07-15 14:35:20,481 [INFO] Sent chunk 2869. Total sent: 3009413120/3022387508 bytes
2026-07-15 14:35:20,621 [INFO] Sent chunk 2870. Total sent: 3010461696/3022387508 bytes
2026-07-15 14:35:20,635 [INFO] Sent chunk 2871. Total sent: 3011510272/3022387508 bytes
2026-07-15 14:35:20,667 [INFO] Sent chunk 2872. Total sent: 3012558848/3022387508 bytes
2026-07-15 14:35:20,693 [INFO] Sent chunk 2873. Total sent: 3013607424/3022387508 bytes
2026-07-15 14:35:20,723 [INFO] Sent chunk 2874. Total sent: 3014656000/3022387508 bytes
2026-07-15 14:35:20,781 [INFO] Sent chunk 2875. Total sent: 3015704576/3022387508 bytes
2026-07-15 14:35:20,900 [INFO] Sent chunk 2876. Total sent: 3016753152/3022387508 bytes
2026-07-15 14:35:20,955 [INFO] Sent chunk 2877. Total sent: 3017801728/3022387508 bytes
2026-07-15 14:35:20,989 [INFO] Sent chunk 2878. Total sent: 3018850304/3022387508 bytes
2026-07-15 14:35:21,088 [INFO] Sent chunk 2879. Total sent: 3019898880/3022387508 bytes
2026-07-15 14:35:21,092 [INFO] Sent chunk 2880. Total sent: 3020947456/3022387508 bytes
2026-07-15 14:35:21,101 [INFO] Sent chunk 2881. Total sent: 3021996032/3022387508 bytes
2026-07-15 14:35:21,231 [INFO] Sent chunk 2882. Total sent: 3022387508/3022387508 bytes
2026-07-15 14:35:21,232 [INFO] File transfer complete from client side.
2026-07-15 14:36:56,641 [INFO] Clipboard change detected:  constant CPU churn. (is_file=False)
2026-07-15 14:36:56,643 [INFO] Broadcast: clipboard changed ->  constant CPU churn.... (is_file=False)
2026-07-15 14:36:56,643 [INFO] [MOCK BLE] Simulating notify clipboard update:  constant CPU churn....
2026-07-15 14:36:59,428 [ERROR] Failed to sync clipboard over Wi-Fi: [WinError 10061] No connection could be made because the target machine actively refused it
2026-07-15 14:37:42,237 [INFO] Clipboard change detected: calculateFileSha256() reads the entire file for ha (is_file=False)
2026-07-15 14:37:42,240 [INFO] Broadcast: clipboard changed -> calculateFileSha256() reads th... (is_file=False)
2026-07-15 14:37:42,240 [INFO] [MOCK BLE] Simulating notify clipboard update: calculateFileSha256() reads th...
2026-07-15 14:37:44,982 [ERROR] Failed to sync clipboard over Wi-Fi: [WinError 10061] No connection could be made because the target machine actively refused it
2026-07-15 14:38:34,845 [INFO] Clipboard change detected: Connection Pooling for TCP Server
Issue: 
wifi_s (is_file=False)
2026-07-15 14:38:34,863 [INFO] Broadcast: clipboard changed -> Connection Pooling for TCP Ser... (is_file=False)
2026-07-15 14:38:34,863 [INFO] [MOCK BLE] Simulating notify clipboard update: Connection Pooling for TCP Ser...
2026-07-15 14:38:37,324 [ERROR] Failed to sync clipboard over Wi-Fi: [WinError 10061] No connection could be made because the target machine actively refused it
2026-07-15 14:39:21,953 [INFO] Clipboard change detected: Bundle Fonts Locally
File: 
styles.css:1
Issue: (is_file=False)
2026-07-15 14:39:21,974 [INFO] Broadcast: clipboard changed -> Bundle Fonts Locally
File: 
... (is_file=False)
2026-07-15 14:39:21,975 [INFO] [MOCK BLE] Simulating notify clipboard update: Bundle Fonts Locally
File: 
...
2026-07-15 14:39:24,928 [ERROR] Failed to sync clipboard over Wi-Fi: [WinError 10061] No connection could be made because the target machine actively refused it
2026-07-15 14:39:35,017 [INFO] Clipboard change detected: Add WebSocket Reconnect Backoff
File: 
main.js:5 (is_file=False)
2026-07-15 14:39:35,037 [INFO] Broadcast: clipboard changed -> Add WebSocket Reconnect Backof... (is_file=False)
2026-07-15 14:39:35,038 [INFO] [MOCK BLE] Simulating notify clipboard update: Add WebSocket Reconnect Backof...
2026-07-15 14:39:37,583 [ERROR] Failed to sync clipboard over Wi-Fi: [WinError 10061] No connection could be made because the target machine actively refused it
2026-07-15 14:40:47,914 [INFO] UI Client disconnected. Total: 0
2026-07-15 14:40:47,932 [INFO] connection open
2026-07-15 14:40:47,933 [INFO] UI Client connected. Total: 1
2026-07-15 14:40:48,391 [INFO] UI Client disconnected. Total: 0
2026-07-15 14:40:48,415 [INFO] connection open
2026-07-15 14:40:48,416 [INFO] UI Client connected. Total: 1
2026-07-15 14:40:48,645 [INFO] UI Client disconnected. Total: 0
2026-07-15 14:40:48,666 [INFO] connection open
2026-07-15 14:40:48,667 [INFO] UI Client connected. Total: 1
2026-07-15 14:40:48,893 [INFO] UI Client disconnected. Total: 0
2026-07-15 14:40:48,978 [INFO] connection open
2026-07-15 14:40:48,979 [INFO] UI Client connected. Total: 1
2026-07-15 14:40:49,139 [INFO] UI Client disconnected. Total: 0
2026-07-15 14:40:49,158 [INFO] connection open
2026-07-15 14:40:49,159 [INFO] UI Client connected. Total: 1
2026-07-15 14:40:49,647 [INFO] UI Client disconnected. Total: 0
2026-07-15 14:40:49,666 [INFO] connection open
2026-07-15 14:40:49,666 [INFO] UI Client connected. Total: 1
2026-07-15 14:40:49,898 [INFO] UI Client disconnected. Total: 0
2026-07-15 14:40:49,930 [INFO] connection open
2026-07-15 14:40:49,930 [INFO] UI Client connected. Total: 1
2026-07-15 14:40:50,144 [INFO] UI Client disconnected. Total: 0
2026-07-15 14:40:50,158 [INFO] connection open
2026-07-15 14:40:50,158 [INFO] UI Client connected. Total: 1
2026-07-15 14:40:56,414 [INFO] UI Client disconnected. Total: 0
2026-07-15 14:40:56,434 [INFO] connection open
2026-07-15 14:40:56,434 [INFO] UI Client connected. Total: 1
2026-07-15 14:46:44,889 [INFO] UI Client disconnected. Total: 0
2026-07-15 14:46:44,907 [INFO] connection open
2026-07-15 14:46:44,908 [INFO] UI Client connected. Total: 1
2026-07-15 14:51:26,980 [INFO] Clipboard history cleared in database.
2026-07-15 14:56:30,505 [INFO] Clipboard change detected: Task Checklist: Delivering Remaining Roadmap Featu (is_file=False)
2026-07-15 14:56:30,545 [INFO] Broadcast: clipboard changed -> Task Checklist: Delivering Rem... (is_file=False)
2026-07-15 14:56:30,546 [INFO] [MOCK BLE] Simulating notify clipboard update: Task Checklist: Delivering Rem...
2026-07-15 14:56:33,121 [ERROR] Failed to sync clipboard over Wi-Fi: [WinError 10061] No connection could be made because the target machine actively refused it
2026-07-15 15:02:11,556 [INFO] UI Client disconnected. Total: 0
